smiles,confidence_score
O=C(/C=C/c1ccco1)C1=C([O-])C(=O)N(CCN2CCOCC2)[C@H]1c1cccs1,57.185005
CC(=O)N[C@H]1[C@H](OC2=C[C@H]3OC(=O)C=C(C)[C@H]3C=C2)O[C@H](CO)[C@@H](O)[C@@H]1O,55.54686
CC(=O)N[C@H]1[C@H](OC2=C[C@H]3OC(=O)C=C(C)[C@@H]3C=C2)O[C@H](CO)[C@@H](O)[C@@H]1O,55.54686
Cc1n[nH]c(C)c1C(=O)C1=C([O-])C(=O)N(CCCN2CCOCC2)[C@@H]1c1ccccn1,53.140057
CCC(=O)Oc1cc(C)c2c(c1)O/C(=C\c1ccncc1)C2=O,51.176163
Cc1cc(OCC(=O)c2ccccc2)cc2c1C(=O)/C(=C/c1cccc(F)c1)O2,50.289978
CC[C@H](C)Sc1nc(=O)c2c([nH]1)NC1=C(C(=O)CC(C)(C)C1)[C@@H]2c1cc2c(cc1[N+](=O)[O-])OCO2,49.804993
COC1=CC(=O)O/C1=C/c1ccc(OC)c(OC)c1,49.78096
Cc1nn(C)c(Cl)c1/C=C/C(=O)NCCN1C(=O)CNC1=O,49.64623
COc1ccc(/C=C2\Oc3c(CN4CCOCC4)c(O)cc(C)c3C2=O)c(OC)c1,49.642418
C=C1CC[C@@H]2[C@@](C)(CO[C@H]3O[C@@H](CO)[C@@H](O)[C@@H](O)[C@H]3O)CCC[C@@]2(C)[C@H]1C/C=C1/C(=O)OC[C@H]1O,49.578133
CC1=C[C@@H](C)[C@H](/C=N/[NH+]=C(N)N)[C@@H](C)C1,49.55372
C[C@H]1C[C@H]2[C@@H]3C[C@H](F)C4=CC(=O)C=C[C@]4(C)[C@@]3(F)[C@@H](O)C[C@]2(C)[C@@]1(O)C(=O)CO,49.277042
O=c1oc2cc(O[C@@H]3O[C@@H](CO)[C@@H](O)[C@@H](O)[C@@H]3O)c(Cl)cc2c2c1CCCC2,48.797653
CCC(=O)Oc1cc(C)c2c(c1)O/C(=C\c1ccc(OC)cc1OC)C2=O,48.45317
COc1c(I)cc(/C=C/C(=S)N2CCOCC2)cc1[N+](=O)[O-],48.06116
Cc1cc(OCC(N)=O)cc2c1C(=O)/C(=C/c1cccc([N+](=O)[O-])c1)O2,48.059944
NC(=O)C(=O)N1CCc2c(nc(-c3ccccn3)[nH]c2=O)C1,47.653786
Cc1c(O)c(=O)ccn1[C@H]1O[C@@H](CO)[C@H](O)[C@H]1O,47.582603
C=CCNC(=O)COc1ccc(C=O)cc1[N+](=O)[O-],47.528206
Cc1nc(C)c(-c2ccc(=O)n(CCNC(=O)Nc3ccc(OC(F)(F)F)cc3)n2)s1,47.405624
CC(C)C[NH+]1CC[C@H](CNC(=O)c2ccc(N3CCNC(=O)CC3)nc2)C1,47.36151
Cc1ccc(C(=O)Oc2cc(C)c3c(c2)O/C(=C\c2ccncc2)C3=O)cc1,47.23253
Cc1cc(OC(=O)[C@H](C)Cl)cc2c1C(=O)/C(=C/c1ccc(Cl)cc1)O2,47.143234
CC[NH+]1CCC[C@@H]1CNC(=O)C(=O)Nc1c[nH]c(=O)[nH]c1=O,47.107803
O=C(/C=C/c1ccc2ccccc2n1)NCCCn1cnc2ccccc21,46.91401
COc1ccc(N2C[C@H](C(=O)NCc3cc(-c4ccccn4)n(C)n3)CC2=O)cc1,46.518112
Cc1nc(CN2CCN(Cc3nnc(-c4ccco4)o3)CC2)cs1,46.466705
Cc1n[nH]c(C)c1[C@H](C)NC(N)=O,46.449547
CNC(=O)/C(=N/Nc1ccc(OC)cc1)C(N)=S,46.264
Cc1ccn2/c(=N/C(=O)c3cccc(C[NH+]4CCCC4)c3)[nH]nc2c1,46.17536
O=C(NCCN1CCN(c2nc3c(F)cc(F)cc3s2)CC1)[C@H]1COc2ccccc2O1,45.997753
O=C1CN(C(=O)/C=C/c2ccc(OCc3cccnc3)cc2)CCN1,45.93926
CCC[NH2+][C@H]1CCOC[C@@H]1SC[C@@H](C)CO,45.80252
Cc1cn2c(/C=C/C(=O)NCCCn3cnc4ccccc43)c(C)nc2s1,45.70646
O=C(NCCn1nc(-c2ccco2)ccc1=O)[C@H]1CCCN(C(=O)NCc2cccs2)C1,45.691963
Cc1nc(C)c(-c2ccc(=O)n(CCNC(=O)c3snnc3C)n2)s1,45.65854
CCNC(=O)[C@H]1O[C@@H](n2cnc3c(N)ncnc32)[C@@H](O)[C@@H]1O,45.57995
CCn1cc(C[NH+]2CCC(C(=O)Nc3ccc(Oc4cccnc4)cc3)CC2)cn1,45.4357
COc1ccc(-n2ncc([C@H]3CC(=O)Nc4n[nH]c(C(=O)[O-])c43)c2C)cc1,45.313683
COc1ccc(N2CC[NH+](CCNC(=O)[C@H]3CC(=O)N(c4ccccc4)C3)CC2)cc1,45.288956
Cc1n[nH]c(C)c1[C@@H]1CCC[NH+]1CC(=O)N1CCC(C(N)=O)CC1,45.283005
Cc1nc2cc(NC(=O)[C@H]3CCCN(c4ccc(-n5ccnc5)nn4)C3)ccc2s1,45.186012
O=C(Nc1c[nH]nc1-c1ccccn1)N1CCN(C(=O)c2ccoc2)CC1,45.162964
C[C@H]1C[C@@H]1c1ccc(/C=C/C(=O)NCCN2CCS(=O)(=O)CC2)o1,44.962006
O=C(NCc1ccc(-c2ccn[nH]2)cc1)c1cccnc1-n1cncn1,44.90041
CCCCn1nc(C)c(/C=C/C(=O)N2CCO[C@H](C(N)=O)C2)c1Cl,44.887253
NC(=S)N/N=C/c1ccc(I)cn1,44.88171
CO[C@H]1[C@@H](n2cnc3c(=O)[nH]c(N)nc32)O[C@H](CO)[C@H]1O,44.62082
CO[C@@H]1[C@H](O)[C@@H](CO)O[C@H]1n1cnc2c(=O)[nH]c(N)nc21,44.62082
Cc1nonc1CC(=O)N1CCC[C@H](C(=O)Nc2ccc(-c3ccn[nH]3)cc2)C1,44.59433
O=C(O[C@H]1[C@H](Oc2ccc(O)cc2CO)O[C@H](CO)[C@@H](O)[C@@H]1O)c1ccccc1,44.569603
O=C(NCc1ccccn1)[C@@H]1CCC[NH+](C2CCN(Cc3cscn3)CC2)C1,44.55944
CCCOc1nc(N)nc2c1ncn2[C@@H]1O[C@H](CO)[C@H](O)[C@@H]1O,44.523468
O=C(NCC[NH+]1CCCC1)[C@@H]1CCC[NH+](C2CCN(Cc3ccncc3)CC2)C1,44.519592
Cc1ccn(CCCn2cnc(-c3ccccc3)c2-c2cccnc2)n1,44.495346
Cc1cc(O)cc2c1C(=O)/C(=C\c1c(F)cccc1Cl)O2,44.328297
COc1ccc(/C=C(/C#N)c2nc3cc(C)c(C)cc3[nH]2)cc1[N+](=O)[O-],44.171387
O=S1(=O)C[C@@H](O)[C@H](/N=C/c2ccoc2)C1,43.988323
C[C@H]1Oc2ccc(C(=O)C3CCN(c4cnccc4C#N)CC3)cc2NC1=O,43.842308
COc1ccc(-c2cc(C[C@@H]3CC[C@H](O)[C@@H](CNC(=O)C4CCC4)O3)no2)cc1,43.823807
Nc1nc(CSc2ncn[nH]2)cs1,43.801567
COc1ccc(/N=C/c2ccc(-c3ccc(C)c(C(=O)[O-])c3)o2)cc1,43.70405
C[C@H]1C[C@H]1c1ccc(/C=C/C(=O)N2CCNC(=O)C2)o1,43.62959
O=C(/C=C/c1ccco1)C1=C([O-])C(=O)N(CC[NH+]2CCCCC2)[C@@H]1c1ccccn1,43.59014
CN(C)c1oc(/C=N/c2ccc(O)c(C(=O)[O-])c2)cc1Br,43.562458
NC(=O)COc1cccc(/C=N/c2ccc3[nH]c(=O)[nH]c3c2)c1,43.544674
C[C@@H]1CN(c2ncnc3c2cnn3CCNC(=O)c2cccnc2)C[C@@H](C)O1,43.50944
Cc1nc(CN2CCN(C(=O)NCCNC(=O)C3CC3)CC2)cs1,43.46821
CN(C)c1ncnc2ncn([C@H]3O[C@H](CO)[C@@H](O)[C@@H]3O)c12,43.46389
Cc1cccc(-n2c(C)cc(/C=N\c3ccc(O)c(C(=O)[O-])c3)c2C)c1,43.429977
COc1ccc(/C=C/C(=O)N[C@H](C)C(=O)N[C@H]2[C@@H]3CCO[C@@H]3C2(C)C)cc1,43.396782
C=CCCCN(C)C(=O)NC1CCN(C(=O)c2ccoc2)CC1,43.382133
O=C(N/N=C/c1ccc(Sc2ncn[n-]2)c([N+](=O)[O-])c1)[C@@H]1Cc2c(ccc3ccccc23)O1,43.323692
COC(=O)c1ccc(C(=O)NCC[NH+]2CCN(c3nc4c(F)cc(F)cc4s3)CC2)cc1,43.31216
CCc1ccc([C@H]2CCCN2S(=O)(=O)NCc2noc(C)n2)o1,43.21946
CC(=O)c1ccc(O[C@H]2O[C@@H](CO)[C@@H](O)[C@@H](O)[C@H]2O)cc1,43.21281
Cc1cc(C=O)ccc1SC[C@H](O)CO,43.201958
Cc1n[nH]c(C)c1CCOC(=O)[C@H]1CCc2cn[nH]c2C1,43.196945
CC(C)=CC[NH+]1CCN(Cc2cc(C)[nH]n2)C[C@H]1CCO,43.173332
CC(=O)OCC(=O)[C@@]1(O)CC[C@H]2[C@H]3CCC4=CC(=O)C=C[C@]4(C)[C@@]3(F)[C@@H](O)C[C@@]21C,43.126076
O=C(NCCc1ccc2c(c1)CCO2)C1CCN(C(=O)c2ccoc2)CC1,43.10169
CC(=O)Cc1nsc(/N=C([O-])/C=C2\SC(=O)NC2=O)n1,43.018284
CCNC(=O)C1CN(C(=O)C(=O)Nc2ccc3oc(CC)nc3c2)C1,42.98907
O=C([O-])c1cc(/N=C/c2ccc([N+](=O)[O-])cc2)ccc1O,42.983795
CCN1CCO[C@H](Cn2cnc(N)n2)C1,42.95987
CCCCNC(=O)[C@H]1CCC[NH+](C2CCN(Cc3ccncc3)CC2)C1,42.907055
COc1ccc(NC2=N[C@H]3[C@@H](O)[C@H](O)C[C@H](C(=O)N4CCC(C(N)=O)CC4)[C@H]3S2)cc1,42.894722
Cc1n[nH]c(N/N=C\c2ccccn2)nc1=O,42.817772
O=C1CCCC2=C1[C@H](c1ccccn1)c1c(O)n[nH]c1N2,42.751472
O=c1nc[nH]c([O-])c1CN1CCOCC1,42.732605
O=C(/C=C/c1ccncc1)NCCc1nc2ccc(F)cc2[nH]1,42.71202
CC1(C)O[C@H]2[C@@H](n3cnc4c(N)ncnc43)O[C@H](CO)[C@H]2O1,42.67434
CC1(C)O[C@H]2[C@H](CO)O[C@H](n3cnc4c(N)ncnc43)[C@@H]2O1,42.67434
N#C/C(=C\c1ccc(O)c(I)c1)c1nc2ccccc2[nH]1,42.559067
Cc1cc(OC(=O)c2ccc(F)cc2)cc2c1C(=O)/C(=C/c1ccncc1)O2,42.544384
CCC[C@H]1CN(C(=O)CCNC(=O)/C=C/c2ccco2)CCO1,42.5181
Cc1cc(C)cc(N2C[C@@H](C(=O)NCCN3CCOCC3)CC2=O)c1,42.488663
CCCCn1nc(C)c(C(=O)NCc2nc(C)cs2)c1Cl,42.470695
COc1ccc(/C=C(/Sc2nc(C)n[nH]2)C(=O)[O-])cc1OC,42.281834
COc1cc(OC)c2c(c1)O/C(=C\c1ccc(Br)cc1)C2=O,42.274647
CN1C(=O)[C@@H]2[C@H]([NH+]=CN2[C@H]2O[C@@H](CO)[C@@H](O)[C@@H]2O)N(C)C1=O,42.25436
COc1ccc(/C=C/C(=O)N[C@@H](C)c2nc(-c3cnccn3)no2)cc1,42.16179
NC(=O)C1CCN(C(=O)CCNC(=O)[C@@H]2CC(=O)N(c3ccc(F)cc3)C2)CC1,42.15445
Cc1nn(C)cc1[C@@H](C)NC(=O)CCOc1ccc(C=O)cc1,42.120655
BrC1=C[C@@H](c2noc(CSc3ncn[nH]3)n2)SC1,42.0944
CCCCCCN1C(=S)NC(=O)[C@@H]([C@H]2NCCC3=c4ccccc4=[NH+][C@@H]32)[C@@H]1O,42.05179
Cc1nc2sc([C@@H](c3ccc(Br)cc3)[NH+]3CCC(C(N)=O)CC3)c(O)n2n1,42.02717
CCOC(=O)N1CCN(Cn2nc(-c3ccco3)n(C)c2=S)CC1,41.983444
COc1cc(/C=N\NC(=O)c2ccccc2N)cc([N+](=O)[O-])c1O,41.96643
COCCCn1cnnc1[C@@H](C)NC(=O)c1cn2cc(C)ccc2n1,41.952927
Cc1n[nH]c(CN2CCN(c3cc(=O)[nH]c(N)n3)CC2)c1Cl,41.946346
Nc1nc(=O)n([C@@H]2O[C@H](CO)[C@@H](O)[C@@H]2O)cc1I,41.94139
O=C([O-])c1ccc2c(c1)[C@@H](C1CCOCC1)C(=O)N2,41.903748
Nc1cnc2ccc(C(=O)N3CCOCC3)cn2c1=O,41.88913
COC(=O)c1ccc(/C=C/C(=O)N2CCC[C@H](C(N)=O)C2)cc1,41.84175
Cc1cc(C)cc(/N=C2\N[C@H]3[C@@H](O)[C@H](O)C[C@H](C(=O)NCCN4CCOCC4)[C@H]3S2)c1,41.82755
CCc1nncn1CCNC(=O)/C=C/c1cnc(C)s1,41.825752
Cn1cc(N2CC[C@H](NC(=O)c3ccncc3Cl)C2=O)cn1,41.75464
Cc1cc(OC(=O)[C@@H]2CCCO2)cc2c1C(=O)/C(=C/c1cccc(Cl)c1)O2,41.67344
NC(=O)[C@@H]1C[C@H](Cc2ccc(O)cc2)N[C@]12C(=O)Nc1ccccc12,41.654984
Cc1ccc(C)n1-c1nnc(N2CCC[C@H](C(=O)NCCCN3CCOCC3)C2)s1,41.61754
COCc1nc2cc(N[C@@H](C)C(=O)Nc3c(C)nn(C)c3C)ccc2o1,41.60061
C[C@H]1C[C@@H](C)CN(C(=O)[C@@H](C)Sc2ncn[nH]2)C1,41.591396
O=C(NCCC[NH+]1CCN(c2ccccc2)CC1)[C@H]1CC(=O)N(c2ccccc2)C1,41.569
COC(=O)c1sc2[nH]c(C[NH+]3CCN(c4ccc(C(C)=O)cc4)CC3)nc(=O)c2c1C,41.54972
Cc1cc(OCC(=O)OC(C)C)cc2c1C(=O)/C(=C/c1ccc([N+](=O)[O-])cc1)O2,41.523804
O=C1CN(Cc2nnc(-c3ccco3)o2)CCN1,41.47146
O=C(NCCN1CCOCC1)c1ccc(CSc2ncn[nH]2)cc1,41.392715
Nc1ccn([C@H]2O[C@@H](CCl)[C@@H](O)[C@@H]2O)c(=O)n1,41.380882
Cc1c(/N=C/c2ccc(-c3ccc(S(N)(=O)=O)cc3)o2)c(=O)n(-c2ccccc2)n1C,41.378246
C=C1C=C(CO)[C@H](C(=O)NCCCC)C(=O)N1,41.362965
N/C(=N\N=C\c1ccco1)c1cnccn1,41.353546
OC[C@H](O)CSc1nc(Cl)ncc1Br,41.339165
Cc1cc(C)cc(N2C[C@H](C(=O)NCc3nnc(N)s3)CC2=O)c1,41.293976
C[C@H]1Oc2ccc(NC(=O)CCN3CCSC3=O)cc2NC1=O,41.289955
CN(CCc1cccs1)C(=O)N[C@H]1CCN(c2cnn(C)c2)C1=O,41.265434
C/C(=N\NC(=O)CN1CCN(c2ccccc2)CC1)c1cccnc1,41.256504
CCN(CC(=O)NC)S(=O)(=O)c1ncn(C)c1Cl,41.255768
CN(C)[C@@H]1CS(=O)(=O)C[C@@H]1/N=C/c1ccncc1,41.243206
Cc1ccccc1/C=C1/Oc2cc(O)cc(C)c2C1=O,41.22232
COC(=O)c1cccc(CC(=O)Nc2cc(C(C)C)n[nH]2)c1,41.16083
Cc1cc(OC(=O)c2ccc(Cl)cc2)cc2c1C(=O)/C(=C/c1ccccn1)O2,41.097836
O=c1[nH]c(=O)n([C@@H]2O[C@@H](CO)[C@@H](O)[C@@H]2O)cc1I,41.096085
O=C(NCCN1C(=O)CNC1=O)c1cc2cccc(Cl)c2o1,41.06682
NC(=O)C1CCN(C(=O)CCCCCNC(=O)N2CCC3=c4ccccc4=[NH+][C@@H]3C2)CC1,41.014427
N#Cc1cccc(CNC(=O)CCOc2ccc(C=O)cc2)c1,41.01139
C[C@H](CCO)Sc1ccc(C(N)=O)cc1N,40.98236
Cc1nc(-c2ccc(C(=O)NCCCc3c(C)noc3C)cc2)n[nH]1,40.978172
COCC/[NH+]=C(/N)SCc1nc(C)cs1,40.977386
COc1ccc(N2C[C@H](C(=O)N/N=C/c3ccc(OC)c(OC)c3)CC2=O)cc1,40.956635
NC(=O)c1cc(-c2cs/c(=N\C[C@@H]3CCCO3)n2/N=C/c2ccccn2)ccc1O,40.94967
CC[NH+]1CCCC[C@H]1CNC(=O)CSc1nc(C)n[nH]1,40.90812
COc1ccc(Cc2n[nH]c(N/N=C/c3c[nH]cn3)nc2=O)cc1OC,40.90697
CC(/C=C/c1ccc(Cl)cc1)=N\NC(N)=O,40.840294
CC[NH+]1CCC[C@@H]1CN1C[C@H](C(=O)NCc2ccc(C(N)=O)o2)CC1=O,40.839
CC(=O)[C@@]1(O)CC[C@@H]2[C@@H]3C[C@H](C)C4=CC(=O)C=C[C@]4(C)[C@@]3(F)[C@H](O)C[C@@]21C,40.817406
CCn1cc(C[NH+]2CCC(C(=O)Nc3cccc([C@H]4C=c5ccccc5=[NH+]4)c3)CC2)cn1,40.723015
O=C([O-])CCC(=O)N1c2ccccc2NC2=C(C(=O)C[C@H](c3ccco3)C2)[C@H]1c1cccs1,40.68589
COc1ccc(C(=O)[C@H]2CCCN(c3ncnc4[nH]ccc34)C2)cc1OC,40.642487
CSc1nc([O-])c(C(=O)/N=c2\[nH]nc3cc(C)ccn23)cc1C#N,40.63378
Cc1ccc(-n2nc(C)c(/C=N/c3ccc4[nH]c(=O)[nH]c4c3)c2O)cc1,40.586456
O=C(/C=C/c1ccco1)N(CCN1CCOCC1)c1ccccc1,40.573524
NC(=O)C(=O)N1CC[NH+](Cc2ccccc2)CC1,40.571205
CN1C(=O)CCN(C/C([O-])=N/c2ncn[nH]2)C1=O,40.483307
NC(=O)C1CCN(C(=O)C[NH+]2CCN(c3ccc(Cl)cc3)CC2)CC1,40.444176
COc1cc(C=O)cc(I)c1OCC(=O)Nc1ccccc1,40.44119
COc1ccc(N2C(=O)N=C(O)[C@@H](/C=N/C3CC[NH+](Cc4ccccc4)CC3)C2=O)cc1,40.436253
O=C(NCCc1ccncc1)C1CN(c2nc3c(F)cccc3s2)C1,40.337326
CCc1nn(C)cc1CNC(=O)C[C@@H](C)c1c(C)n[nH]c1C,40.31134
CN1CCO[C@H](C[NH+](C)Cc2cccc(/C(N)=N/O)c2)C1,40.23329
CCn1nc(C)c(C[NH+]2C[C@H]3[C@@H](C2)OC(=O)N3CCc2ccccn2)c1C,40.233147
CN/C(=[NH+]\C)SCc1ccc(OC)c([N+](=O)[O-])c1,40.17079
CCCn1nc(C(=O)NCCN2C(=O)CSC2=O)ccc1=O,40.116856
C=CC[NH+](CC(=O)[O-])CC(=O)NC(=O)NC,40.089775
Cc1ccc2ncc(C(=O)/N=c3\[nH]c4cc(Cl)ccc4n3C)n2c1,40.07287
c1ccc2c(c1)SCC[C@H]2[NH2+]Cc1ccc(COC2CCOCC2)cc1,40.04331
CCCCNC(=O)[C@H]1CC[C@H](C)[NH+](CC(=O)NC(=O)NC)C1,40.033012
CCCCNC(=O)[C@H]1CC[C@@H](C)[NH+](CC(=O)NC(=O)NC)C1,40.033012
Cc1noc(C)c1C[NH+](C)[C@@H]1CCCN(c2cnn(C)c2)C1=O,40.019283
Cc1nc(CN2CCN(Cc3ccncc3Cl)CC2)cs1,40.015793
COc1cc(C(=O)N2CCN(Cc3ccc4c(c3)CCO4)CC2)ccc1OCC(=O)N1CCOCC1,40.014526
CC(=O)O[C@H]1[C@@H](CO)O[C@H](n2ccc(=O)[nH]c2=O)[C@@H]1OC(C)=O,39.995815
CNC(=O)Nc1cccc(NC(=O)CSc2ccncc2)c1,39.992554
O=C(Cn1cncn1)N/N=C/C1=c2ccccc2=[NH+]C1,39.98876
COc1ccc(OC)c(CN2CCN(C(=O)c3cc(C)no3)CC2)c1,39.9775
Cc1ccc(C(=O)CCC(=O)Nc2ccc3c(c2)NC(=O)[C@H](C)O3)cc1,39.95208
O=C(NCCn1nc(-c2ccco2)ccc1=O)c1ccc2c(c1)ncn2-c1ccccc1,39.928177
CC[C@H](NC(=O)/C=C/c1ccc(C(N)=O)cc1)c1nc(C)cs1,39.92388
Cc1cc(C(=O)N2CCN(Cc3cnc(CC(C)C)s3)CC2)on1,39.84939
NC(=O)C1CC[NH+](Cc2ccc(C(=O)[O-])cc2)CC1,39.843323
O=C(Nc1c[nH]nc1-c1ccccn1)N1CC[C@H](Oc2cc[nH+]cc2)C1,39.841187
Cc1cc(=O)c(OCC(=O)Nc2ccc3nc(CCc4ccccc4)[nH]c3c2)co1,39.809982
COC(=O)c1cccc(C[NH+]2CCN(C(=O)c3ccco3)CC2)c1,39.809143
Cc1n[nH]c(C)c1C[C@H](C)C(=O)Nc1ccc(CN2CCOCC2)cc1,39.709656
Cc1nc(C)n(CCNC(=O)[C@H]2CC(=O)N(Cc3ccccn3)C2)n1,39.6941
Cc1csc(CCCNC(=O)C2CC[NH+](Cc3csc(C)n3)CC2)n1,39.642727
COc1ccc(/C=C/C(=O)N[C@@H](C)C(=O)N2CC=C(c3ccccc3)CC2)cc1,39.62896
O=C(C[NH+]1CCC[C@@H](Cc2nc3ccc(F)cc3[nH]2)C1)NCc1ccccn1,39.628048
CC[NH+]1CC[C@H](CNCc2ccc(C(=O)[O-])cn2)C1,39.625298
NC(=O)COc1ccc2c(c1)O/C(=C\c1ccc(-c3ccccc3)cc1)C2=O,39.601654
CCc1onc(C)c1NC(=O)c1ccc(-c2n[nH]c(C)n2)cc1,39.584732
COCc1cccc(C(=O)/N=c2\[nH]nc3cc(C)ccn23)c1,39.581856
NC(=O)C1CCN(c2ccc(NC(=O)Cc3ccc4c(c3)CCO4)cc2)CC1,39.571384
Cc1ccc2c(c1)[C@H](C)[C@H](C(=O)NCCc1nc3ccccc3[nH]1)O2,39.568703
CCc1nc(C)c(C(=O)NC[C@@H]2C[C@H](F)C[NH2+]2)o1,39.524147
CNC(=O)c1ccc(N)cc1SC[C@@H](O)CO,39.52401
C=CCNC(=O)CN1CCN(C(=O)c2ccco2)CC1,39.515312
COc1ccc(/C=C2\Oc3cc(OC(=O)C4CCCCC4)ccc3C2=O)cc1OC,39.511345
Cc1ccc(-c2noc([C@H](C)[NH+]3CC[C@H](C(N)=O)C3)n2)cc1F,39.501633
COc1cc([C@@H]2C3=C(COC3=O)Nc3[nH]nc(C)c32)ccc1OCc1ccccc1,39.484325
Cc1cc2ncn([C@@H]3C[C@H](O)[C@@H](CO)O3)c2cc1C,39.478752
Cc1noc(CN2CCC([NH+]3CCC[C@@H](C(=O)NCc4ccccn4)C3)CC2)n1,39.431175
CCn1cc(/C=N/NC(=O)CSc2ncn[nH]2)cn1,39.422173
CCCCC(=O)Nc1ccc(/N=C/c2cccc(C)c2O)cc1OC,39.4036
COc1ccc(/C=C(\Sc2nc(C)n[nH]2)C(=O)[O-])c(OC)c1,39.401096
COc1ccc(N2C[C@H](C(=O)NCCn3nc(-n4nc(C)cc4C)ccc3=O)CC2=O)cc1,39.371967
CC1(C)O[C@H]2[C@@H](O1)[C@@H](CO)O[C@@H]2n1cnc2c(O)ncnc21,39.312645
CN1CC(=O)N2CCN(Cc3nc4ccc(F)cc4[nH]3)C[C@H]2C1=O,39.29149
CC(/C=C/c1ccco1)=N\NC1=N[C@@H]2[NH+]=c3ccccc3=C2N=[NH+]1,39.230026
COc1ccc2c(c1)OC[C@@H](C(=O)NCCSc1nccn1C)C2,39.20401
O=C(c1cn(Cc2cccnc2)nn1)N1CCN(Cc2ccon2)CC1,39.183525
COC(=O)c1ccc(-c2nnn(CCCc3csc(C)n3)n2)cc1,39.141266
Cc1ccc2c(c1)C[C@H](Cn1ccnc1/C(N)=N/O)O2,39.1379
O=C(NCC1CCN(C(=O)c2cccnc2)CC1)C(=O)Nc1cc2c3c(c1)CCN3C(=O)CC2,39.133446
C/C(=N/NC(=O)c1ccccc1O)c1ccc(-n2cnnn2)cc1,39.092888
C[C@@H]1CCN(C(=O)/C=C/c2ccc(OCC(N)=O)cc2)C[C@H]1O,39.03868
Cc1nn(CCC(=O)N2N=CC[C@@]2(O)C(F)(F)F)cc1[N+](=O)[O-],39.01683
CNC(=O)c1noc(CNC(=O)c2ccc([C@H]3CCC[NH2+]C3)cc2)n1,38.987427
COCc1ccc(C(=O)N2CCC(c3ncc4c(n3)CC[NH+](C)C4)CC2)cc1,38.98602
Cc1n[nH]c(SCC(=O)NC[C@H](C)Sc2ccccc2)n1,38.949722
CC(C)/N=C(\O)COc1coc(C[NH+]2CCN(C(=O)c3ccco3)CC2)cc1=O,38.9269
Cn1cc(N2CC[C@@H](NC(=O)c3[nH]nc(C4CC4)c3Cl)C2=O)cn1,38.92292
Cc1noc(C)c1[C@@H](C)NC(=O)Nc1ccc2c(c1)NC(=O)[C@@H](C)O2,38.864048
CCC[NH+](CC(=O)NC)Cc1c[nH]nc1-c1cccnc1,38.860535
Cc1csc(N2CCN(CC(=O)NCc3ccccn3)CC2)n1,38.845463
O[C@@H]1CN(c2ncnc3ccsc23)CC[C@H]1N1CCOCC1,38.822914
Nc1cc(C(F)(F)F)ccc1NC(=O)CSC[C@@H](O)CO,38.806488
COc1cc(/C=C2/C(=O)NN(c3ccccc3)C2=O)ccc1OCC(=O)N1CCOCC1,38.800232
COc1ccc(-c2ccc(=O)n(CCNC(=O)c3ccc(-n4nc(C)cc4C)nn3)n2)cc1,38.766678
O=C(NCC[NH+]1CCCCC1)C(=O)Nc1c[nH]c(=O)[nH]c1=O,38.756977
Cc1nc(-c2cccc(CNC(=O)c3ccc(OCC(N)=O)cc3)c2)n[nH]1,38.753345
CCOC(=O)C1CC[NH+]([C@@H](c2ccccc2)c2sc3nc(CC)nn3c2O)CC1,38.73639
COC(=O)c1ccc2c(=O)nc(CN3CCc4sccc4[C@H]3c3cccs3)[nH]c2c1,38.733616
CCN1CCN(C(=O)c2cnc3ccc(C)cn23)CC1,38.692772
CCc1nn(-c2cc(F)c(F)c(F)c2)c(Cl)c1C(=O)[O-],38.6867
NC(=O)[C@H]1CCCN(c2ccc(CNC(=O)c3cccnc3)cc2)C1,38.65252
CCc1ccc(C(=O)OCCc2c(C)n[nH]c2C)cc1[N+](=O)[O-],38.644756
Nc1ccnc(CN(Cc2ccncc2)C2CC2)n1,38.627098
COc1cc(CNC(=O)CSc2nc(C)n[nH]2)ccn1,38.62082
O=C(NCCNc1cnccn1)[C@H]1CC=CCC1,38.597893
Cc1cc(C(=O)NCC(=O)Nc2ccc(C(=O)c3nccn3C)cc2)c(C)o1,38.590332
C[C@@]12C[C@H](O)C(=O)C=C1CC[C@H]1[C@H]2[C@@H](O)C[C@]2(C)[C@@H]1CC[C@@]2(O)C(=O)CO,38.577164
C[C@@H]1C[C@@H](C)CN(C(=O)C[NH+]2CCN(C[C@H](O)Cn3cccn3)CC2)C1,38.529503
CSc1n[nH]c2ncnc(N3CC[NH+](Cc4ccccc4C)CC3)c12,38.504417
C[C@@H]1Oc2ccc(NC(=O)[C@H]3CCCN(c4nc5ccccc5s4)C3)cc2NC1=O,38.50108
Cc1nc2sc([C@H](c3ccc(F)c(F)c3)[NH+]3CCC(C(N)=O)CC3)c(O)n2n1,38.46472
CCc1[nH]nc(-n2cccc2)c1C(=O)[O-],38.462746
COc1ccc(/C=N/NC(=O)CNC(=O)c2ccncc2)cc1I,38.44526
Cc1nc(CNC(=O)c2ccc(OCC(N)=O)cc2)c(C)s1,38.44485
CS(=O)(=O)NC[C@H]1O[C@H](Cc2cc(-c3ccc(F)cc3)on2)CC[C@@H]1O,38.403694
CC[C@@H](C)NC(=O)CCNC(=O)NC1CCN(C(=O)c2ccoc2)CC1,38.39647
NC(=O)[C@H]1CCN(C(=O)Nc2ccc(-n3cncn3)nc2)C1,38.391953
Cc1ccc2[nH]c(C(=O)[O-])c(CN3CCC[NH+](Cc4ccncc4)CC3)c2c1,38.36537
CN(C)C(=O)CN(C)c1nc2cc(N)ccc2o1,38.350388
C[C@@H]1CN(Cc2ccon2)C[C@H](C(N)=O)O1,38.342354
Cc1nc2sc([C@@H](c3cccc(Cl)c3)[NH+]3CCC(C(N)=O)CC3)c(O)n2n1,38.325996
CCN(CC(=O)NC)C(=O)c1ccncc1/C=C/C(=O)[O-],38.32208
Cc1noc(C)c1S(=O)(=O)NCCn1nc(-n2ccnc2)ccc1=O,38.321236
O=C(NCCCn1cnc2ccccc21)C(=O)Nc1ccc(-n2cncn2)cc1,38.31778
C[C@H](NC(=O)[C@@H]1CC(=O)N(c2ccc3c(c2)OCCO3)C1)C(=O)N1CCC(C(=O)[O-])CC1,38.302715
NC(=O)c1cccc(C[C@@H]2CC[NH+](Cc3ccc(-n4ccnc4)cc3)C2)c1,38.284058
Cc1cc(CN2CCN(C(=O)NC[C@@H](C)C[NH+]3CCN(C)CC3)CC2)no1,38.26746
C[C@@H](c1cnccn1)[NH+]1CC(CO)C1,38.243977
CCOC(=O)C1=C(C)[C@@H](C(=O)N2CCN3C(=O)CNC(=O)[C@H]3C2)C(C)=N1,38.23515
CC(C)(O)C#Cc1ccc(CN2CCc3nncn3CC2)cc1,38.222656
Nc1ccc(NC(=O)CCSC[C@@H](O)CO)cc1,38.211075
C[C@H](N[C@@H]1N=NC(=O)NC1=O)C(=O)N/N=C/c1ccc(Cl)cc1Cl,38.20214
C=CC[NH+](CC(=O)[O-])Cc1ccnc(C#N)c1,38.201057
CC(=O)c1ccc(NC(=O)Cn2nc(-c3ccco3)ccc2=O)cc1,38.187717
O=C(NCCNC(=O)[C@H]1CC(=O)N(c2cccc(C(F)(F)F)c2)C1)c1cccnc1,38.177967
CN(Cc1nc(Cc2ccccc2Cl)no1)[C@@H]1CS(=O)(=O)C[C@H]1O,38.165955
Cc1csc([C@H](C)Nc2cc(C)c(N)c(C(=O)[O-])c2)n1,38.15818
Cc1noc(C)c1[C@H](C)NC(=O)/C=C/c1ccc(I)o1,38.15129
CCCNc1ncnc2c1cnn2CCNC(=O)C1CC1,38.114998
CC(=O)N(Cc1noc(C)n1)[C@@H]1CC[NH+](Cc2ccn(C)c(=O)c2)C1,38.107048
COCC(=O)N1CCN2C(=O)c3cc(-c4cccs4)ccc3NC(=O)[C@H]2C1,38.1
NC(=O)C1CCN(CCC[NH2+]Cc2ccc3ccccc3c2)CC1,38.091393
CCOC(=O)Cc1[nH]nc2c1[C@H](c1ccoc1)C(C#N)=C(N)O2,38.088104
Cc1ccc2ncc(C(=O)Nc3cccc(CN4C(=O)CNC4=O)c3)n2c1,38.05394
NC(=O)C1CC[NH+](Cc2ccc(OC(F)(F)F)cc2)CC1,38.042957
CCc1cc2c(=O)c(-c3ccc4c(c3)OCO4)c(C)oc2cc1O[C@@H]1O[C@@H](CO)[C@H](O)[C@@H](O)[C@H]1O,38.006752
N/C(=N\OC(=O)COc1ccc(Cl)cc1Cl)c1c(Cl)cccc1Cl,37.99134
Cc1ccc(OCCOc2ccc(/C=C3/C(=N)N4C=CSC4=NC3=O)cc2Cl)cc1,37.990074
CNC(=O)N1CCN(Cc2nc3sc(C)c(C)c3c(=O)[nH]2)CC1,37.959694
CC1(C)O[C@@H]2[C@H](CO)O[C@H](n3cnc4c(=S)[nH]cnc43)[C@@H]2O1,37.95556
CCNC(=O)C1CN(C(=O)C(=O)Nc2ccc3[nH]c(C(F)F)nc3c2)C1,37.95379
NS(=O)(=O)c1ccc(CCNC(=O)[C@@H]2CC(=O)N(C3CCOCC3)C2)cc1,37.94655
Cc1ccc(C(=O)NCc2cc(-c3ccccn3)n(C)n2)cc1[N+](=O)[O-],37.924828
C/C(=N/Nc1nc(C)cc(=O)[nH]1)c1ccc(-n2ccnc2)cc1,37.91926
CCCCN(C)C(=O)C1CC[NH+](Cc2cn(C)nc2C)CC1,37.91208
Cc1nc(CN2CCN(C(=O)c3c(O)cccc3O)CC2)n[nH]1,37.88466
CCNC(=O)N[C@@H]1CN(Cc2ccncc2Cl)C[C@@H]1OC,37.8646
Cc1noc(/C=C/N(C)C)c1S(=O)(=O)N1CCC[C@@H](C(=O)NCc2ccccn2)C1,37.850716
Cc1cc(C(=O)N2CCN(Cc3ccncc3Cl)CC2)c(C)o1,37.848515
CCCN1C(=O)/C(=C\c2ccc(OC)c(OC)c2C(=O)[O-])S/C1=N\c1nccs1,37.83741
O=C(NCc1ccccn1)[C@H]1CCCN(c2ncnc3[nH]cnc23)C1,37.82569
C=CC[NH+](CC(=O)[O-])Cc1ccc([N+](=O)[O-])o1,37.816444
O=C1CNC(=O)N1CCSCc1nc(-c2ccco2)no1,37.804493
CC/C=C(/C)C(=O)N1CSC[C@H]1C(=O)NCCc1ncc(CC)s1,37.80317
CC1=C(c2ccccc2)[C@H]1C(=O)N1CCN(CCn2cncn2)CC1,37.797764
O=C(NCCN1CCS(=O)(=O)CC1)[C@H]1CCCN(c2ncccc2C(F)(F)F)C1,37.79705
COC(=O)c1ccc(/N=C/c2sccc2C)cc1,37.79493
C[C@]12CC[C@H]3[C@H](CC[C@@]4(O)C[C@@H](O)CC[C@]34CO)[C@@]13CC[C@@H]2[C@@H]1CC(=O)O[C@@H]1O3,37.765545
Cc1ccc2ncc(CN3CCN(c4ncnc5ccsc45)CC3)n2c1,37.752136
CC(=O)C1=C(C)C(c2csc(CN3C(=O)CNC3=O)n2)=N[C@H]1C,37.745014
Cc1n[nH]c(C)c1CN1CCC([NH+]2CCC[C@@H](C(=O)NC3CC3)C2)CC1,37.744736
Cc1cc(I)cnc1NC(=O)c1ccoc1,37.74248
O=C(c1ccoc1)N1CCN(Cc2nnc(-c3ccccc3F)o2)CC1,37.72487
Cc1nn(C)cc1CN1CCN(C(=O)Cn2ccc(C(=O)[O-])n2)CC1,37.715363
O=C(CN1C(=O)CNC1=O)N[C@H]1CN(Cc2[nH]cc[nH+]2)C[C@@H]1C1CC1,37.698814
Cc1n[nH]c(C)c1C[C@@H](C)C(=O)Nc1ccc(-c2ncon2)cc1,37.697655
Nc1ccc(=O)n(CCCN2CCN3C(=O)NC[C@@H]3C2)c1,37.68933
COc1ccc(/C=C/C(=O)c2ccc3ccccc3c2O)c(CN2CCOCC2)c1,37.685257
Cc1nc(C(=O)NCC[NH+]2CCCC2)n[nH]1,37.659424
O=C(/C=C/c1ccco1)NCCCCn1cnnc1,37.63993
OC[C@@H](O)[C@@H](O)/C=N/N(Cc1ccccc1)c1ccccc1,37.639694
Nc1ccc2[nH]c(N[C@@H]3C=CS(=O)(=O)C3)[nH+]c2c1,37.630684
Cc1ccc(N2C[C@H](C(=O)NCC[NH+]3CCC(c4cccs4)CC3)CC2=O)cc1,37.63057
CC(/C=C/c1ccccc1)=N\NC(=O)c1cccnc1,37.62117
CNC(=O)NC(=O)CSc1cc(-c2ccccc2)c2c(OC)cc(OC)cc2n1,37.615208
C=CCNC(=O)CN1CCN(c2ccc(OC)cc2)CC1,37.610874
C/C=C(\C)C[NH+]1C[C@@H]2C(C(=O)NCc3cn4cc(C)sc4n3)[C@@H]2C1,37.60595
Cn1c(C[NH+]2CCCCC2)nnc1[C@@H]1CCCN(c2cc(N)nc(N)n2)C1,37.595253
O=C1CNC(=O)N1CCCn1nnc(-c2ccc(Br)cc2)n1,37.59321
Cc1n[nH]c2c1[C@@H](c1cccs1)C1=C(COC1=O)N2,37.580467
Cc1nc(CN(C)[C@@H]2CS(=O)(=O)C[C@H]2O)co1,37.57038
CCc1ccc2oc(=O)cc(C[NH+]3CCN(Cc4cc(C=O)ccc4OC)CC3)c2c1,37.567062
CCC[NH2+]Cc1c(C)nn(C)c1N1CCC[C@@H]1C(N)=O,37.564575
O=C(/C=C/c1ccco1)Nc1ccc(N2CC[NH+](Cc3ccccc3F)CC2)cc1,37.55091
CC1=C[C@@H](C(=O)N/N=C(\C)c2ccc3ccccc3c2O)N=N1,37.539627
CN(CC(N)=O)C(=O)C[C@@H]1COc2ccc(C(=O)N3CCOCC3)cc2N1C,37.53531
NS(=O)(=O)c1ccc(-c2ccc(/C=N\NC(=O)Cn3cnc4ccccc43)o2)cc1,37.53231
O=C([O-])c1cc(/N=C/c2ccc(N3CCCC3)c(F)c2)ccc1O,37.526524
CC(C)(CNC(=O)N1CCN(Cc2ccncc2)CC1)[NH+]1CCCCC1,37.5194
CNC(=O)Cc1ccc(NC(=O)C2CCN(C(=O)c3ccoc3)CC2)cc1,37.516994
O=Cc1cn([C@@H]2O[C@@H](CO)[C@@H](O)[C@@H](O)[C@@H]2O)c2ccccc12,37.51231
Cc1cc(=O)[nH]c(-c2ccc(NCCOc3cccnc3)nc2)n1,37.50855
NC(=O)C1CCN(C(=O)NC[C@@H]2CCC[NH+](Cc3ccccc3)C2)CC1,37.488365
O=C1N[C@H](C(=O)NCc2ccc(C[NH+]3CCCCCCC3)cc2)CS1,37.460144
Cc1nc(CN2CCN(C(=O)c3cc(-c4cccnc4)on3)CC2)cs1,37.458733
COC(=O)c1cc(C[NH+](C)[C@H](C)CN2CCOCC2)oc1C,37.454155
CCC[NH2+][C@H]1COC[C@H]1C(=O)NCc1sccc1CC,37.438484
O=c1cc(-c2cscn2)oc2cc(O[C@H]3O[C@@H](CO)[C@@H](O)[C@@H](O)[C@H]3O)ccc12,37.436478
CCCn1nc(C(=O)NC2CC[NH+](CC(N)=O)CC2)ccc1=O,37.43171
O=C(NNC(=O)[C@H]1CC=CCC1)c1ccc2ccccc2n1,37.4096
C[C@H]1CCN(C(=O)C(=O)Nc2ccc(-n3ncn(C)c3=O)cc2)C[C@H](C)C1,37.40099
COc1c(C[NH2+]CCCn2cnc3ccccc32)c(C)nn1C,37.38996
Cc1ncc(C(=O)NC[C@H]2CC[NH+](Cc3cc(C)[nH]n3)C2)c(C)n1,37.384506
CN(C)/C=N/c1nc(O)c2ncn([C@H]3C[C@H](O)[C@H](CO)O3)c2n1,37.378838
C[C@H](CN1CCOCC1)[NH+]1CC=C(c2ccc(O)cc2)CC1,37.375435
N#CC(=N)[C@@H](C#N)/N=C/c1c(O)cc(I)cc1I,37.36493
COc1ccc(N/C([O-])=C(\C#N)C(=O)c2ccoc2)cc1,37.350105
CCC(=O)O[C@]1(C(=O)CO)[C@@H](C)C[C@H]2[C@@H]3CCC4=CC(=O)C=C[C@]4(C)[C@@]3(F)[C@@H](O)C[C@@]21C,37.331764
NC(=O)C1CCN(C(=O)CN2CC[NH+](Cc3cccnc3)CC2)CC1,37.330322
COc1ccc(C(=O)CCC(=O)N2CCC3=c4ccccc4=[NH+][C@@H]3[C@H]2c2ccccn2)cc1,37.328545
CCS(=O)(=O)c1ccc2oc(=O)c(CC(=O)c3ccc(C)cc3)nc2c1,37.327538
CNC(=O)c1cccc(C[NH2+][C@@H]2CCSc3c(Cl)cccc32)c1,37.3267
COc1ccc(/C=C2\Oc3c(ccc(OCC(N)=O)c3C)C2=O)cc1OC,37.290558
Cc1n[nH]c(C(=O)N[C@H](C)CN2CCOCC2)n1,37.286537
O=C(NCCn1nc(-c2cccs2)ccc1=O)c1ccc(I)cc1,37.277206
Cc1onc(-c2ccccc2)c1-c1nnc(CN2Cc3ccccc3C[C@H]2C(N)=O)o1,37.274895
O=C1N=C([N-]c2ccc(C(=O)[O-])c(O)c2)S/C1=C\c1ccncc1,37.274696
O=C(NCCc1ncn[nH]1)N1CCOCC1,37.26017
C[C@H]1Oc2ccc(NC(=O)CCNC(=O)Nc3ccccc3)cc2NC1=O,37.2597
N/C(=N/O)c1ccc(SC[C@H](O)CO)nc1,37.23329
CCc1onc(C)c1NC(=O)/C=C/c1ccc(OCc2ccccn2)cc1,37.217514
C=CCNC(=O)C(=O)N/N=C(\C)CCc1ccccc1,37.196465
CCCCn1nccc1NC(=O)CSc1nc(C)n[nH]1,37.19483
O=C([O-])c1cc(N/N=C/C2=c3ccccc3=[NH+]C2)ccc1Cl,37.192886
O=Cc1ccc(C(=O)NCc2ccc(NC(=O)c3cccnc3)cc2)cc1,37.17253
Cn1c(-c2ccccn2)nn(CCNC(=O)[C@@H]2CC(=O)N(c3cccc(F)c3)C2)c1=O,37.169838
O=C(NCc1ccccn1)c1cnc(-c2cccnc2)nc1[O-],37.16587
CCCCCNC(=O)C1CC[NH+](CC=C(C)C)CC1,37.165825
CC1(C)O[C@@H]2C[C@H]3[C@@H]4CCC5=CC(=O)C=C[C@]5(C)[C@@]4(F)[C@H](O)C[C@]3(C)[C@]2(C(=O)[O-])O1,37.139732
CCN(Cc1ccc(C(=O)N(C)C)cc1)Cc1cnc2ccc(C)cn12,37.13129
Cc1nc(CNC(=O)c2cccc3c2O[C@H](C)C(=O)N3)c(C)s1,37.13057
OC[C@@H]1O[C@@H](O[C@]2(CCl)O[C@H](CCl)[C@H](O)[C@H]2O)[C@H](O)[C@@H](O)[C@H]1Cl,37.10321
Cc1ccc(NC(=O)N(CCN2CCOCC2)[C@@H]2CCS(=O)(=O)C2)cc1,37.09957
COCCN1C[C@H](C(=O)NCc2ccccn2)CC1=O,37.096436
CC(=O)c1ccc(N2CCN(Cc3oc(CO)cc(=O)c3[O-])CC2)cc1,37.08908
O=C(C1=C([O-])C(=O)N(CCCN2CCOCC2)[C@@H]1c1cccs1)c1ccc2c(c1)OCCO2,37.088432
CCCCc1cc(=O)oc2c(C)c(OCC(N)=O)ccc12,37.074955
COc1ccc(/C=C2/C(=O)N(c3ccccc3)C(=O)N=C2[O-])cc1C(=O)[O-],37.072662
O=C(NCCC1[NH+]=c2ccccc2=[NH+]1)[C@H]1C[C@H](C2CC2)N([C@@H]2CCS(=O)(=O)C2)N1,37.056007
Cc1ccn(CCNC(=O)c2nc3ccc(F)cc3[nH]2)n1,37.055305
CCCN1C(=O)/C(=C\c2ccc(C(=O)[O-])cc2)S/C1=N\c1nnc(C)s1,37.03829
Cc1noc(C)c1CCCNC(=O)/C=C/c1ccc(N2CCOCC2)cc1,37.03091
CCCOc1ccc(/C=C/C(=O)N2CCNC(=O)C2)cc1OC,37.0295
Cc1ccc2cc(C[NH2+]CCCN3CCOCC3)c(=O)[nH]c2c1,37.022915
O=C1NC(=S)N(c2ccccc2)C(=O)[C@H]1/C=N/c1ccc(O)cc1,37.01242
Cc1nc2cc(NC(=O)C(=O)NCCCN3CCOCC3)ccc2o1,37.010662
CC1=NC2=C(C(=O)CCC2)[C@H](c2cccnc2)C1C(=O)OCCc1ccccc1,36.999268
C[C@H]1Oc2ccc(NC(=O)Cc3csc(-n4cccc4)n3)cc2NC1=O,36.992455
CCCOc1ccc(N2C(=O)C[C@H](N3CCC[C@H](C(N)=O)C3)C2=O)cc1,36.985764
CC(C)CCO[C@H]1CCN(C(=O)N[C@@H]2CCN(c3cnn(C)c3)C2=O)C1,36.981937
CCOC(=O)N1CCN(Cc2c(O)ccc3c2O/C(=C/c2c(Cl)cccc2Cl)C3=O)CC1,36.9631
O=C1C=C/C(=C\[NH2+]Cc2ccc(C(=O)[O-])cc2)C=C1[N+](=O)[O-],36.95826
CCN(C[C@H](C)C#N)C(=O)Nc1ccc2c(c1)NC(=O)[C@@H](C)O2,36.947014
CCN(C[C@@H](C)C#N)C(=O)Nc1ccc2c(c1)NC(=O)[C@H](C)O2,36.947014
CS(=O)(=O)O[C@H]1C[C@H](n2cc(F)c(=O)[nH]c2=O)O[C@@H]1CO,36.931755
COc1cc(/C=C(\C#N)[C@H]2N=C(CS[C@@H]3[NH+]=c4ccc([N+](=O)[O-])cc4=[NH+]3)CS2)ccc1O,36.926567
[O-]c1nncc(N/N=C/C2=c3ccccc3=[NH+]C2)n1,36.894882
CC(C)(C)OCc1ccc(NC(=O)C2CCC(C(N)=O)CC2)cc1,36.887054
O=C(/C=C/c1ccco1)OCCN1CCOCC1,36.87372
CNC(=O)Nc1cc(-c2ccc(Br)cc2)nn1CCO,36.868206
O=C(C[C@@H]1SC(CC(=O)N2CCOCC2)=NC1=O)Nc1ccc(Oc2ccccc2)cc1,36.85589
Cc1sc2ncn(C[C@@H](O)CN3CCOCC3)c(=O)c2c1C,36.8459
Cc1nc(-c2cccs2)sc1-c1ccc(=O)n(CCNC(=O)/C=C/c2ccc(F)cc2)n1,36.84325
CCCCC(=O)Nc1ccc2c(c1)NC(=O)[C@@H](C)O2,36.83167
CCCCC(=O)Nc1ccc2c(c1)NC(=O)[C@H](C)O2,36.83167
C[C@H]1CCN(C(=O)CCNC(=O)/C=C/c2ccco2)C[C@@H]1O,36.83017
C[C@H]1CN(C[C@H](O)CN2CCN(C(=O)c3ccncc3)CC2)C[C@@H](C)O1,36.809357
O=C(NCc1ccccn1)C1CC[NH+](C[C@H]2CC=CCC2)CC1,36.78428
Cc1nc(C[NH+]2CCN(Cc3c[nH]nc3C)CC2)no1,36.780907
Cc1nc(C2CC[NH+](Cc3cc(C)c(C)cc3O)CC2)n[nH]1,36.778465
Cc1nc(C)c(CN[C@H](C)C(=O)N2CCOCC2)s1,36.751675
Cc1cc(C)n(-c2ccc(=O)n(CCNC(=O)[C@@H]3CC(=O)N(c4ccccc4)C3)n2)n1,36.729115
NC(=O)[C@@H]1CCC[C@H](NC(=O)Nc2ccc3[nH]c(C(F)F)nc3c2)C1,36.72323
O=C(Nc1c[nH]nc1-c1ccccn1)N1CC[C@H](CO)C1,36.714718
O=C(/C=C/c1cccs1)OCc1ccc(-n2ccnc2)nc1,36.705627
CN(C)c1ncnc(N2CCN(CCO)CC2)c1[N+](=O)[O-],36.677864
Nc1cc(Cl)ccc1NC(=O)CSC[C@H](O)CO,36.67738
C[C@@H](N[C@H]1N=NC(=O)NC1=O)C(=O)N/N=C/[C@@H]1CC=CCC1,36.67649
COc1cc(/C=N\Nc2nc(C)cc(C)[nH+]2)ccc1OCC(N)=O,36.676384
NC(=S)N/N=C/c1ccc(-c2ccc(S(N)(=O)=O)cc2)o1,36.666306
Cc1cncc(C(=O)OCCc2c(C)n[nH]c2C)c1,36.6644
O=C(N/N=C/c1ccc2ccccc2n1)c1ccccc1O,36.65677
Cc1cc(F)c(N)cc1S(=O)(=O)NCCc1ncn[nH]1,36.649876
CNC(=O)CCNc1nc(Cl)ncc1Cl,36.647926
Cc1nnc(/N=C(\[O-])C[NH+]2CCN(Cc3ccc(Cl)c(Cl)c3)CC2)s1,36.64723
CCCOC(=O)CCNC(=O)[C@@H]1SCCc2sccc21,36.642097
CCNC(=O)C(=O)N/N=C/c1cc(OC)c(OC)c(OC)c1,36.640358
N#C/C(N)=C(C#N)\N=C\c1ccco1,36.633347
NC(=S)N/N=C/c1ccc(Br)c([N+](=O)[O-])c1,36.63198
CN(C)C(=O)c1ccc2c(c1)N(C)[C@@H](CC(=O)NCc1ccno1)CO2,36.60759
Cc1nc(N2CCN(C(=O)c3ccc(S(N)(=O)=O)cc3)CC2)cc(-n2cccc2)n1,36.59903
CCOC(=O)C1CCN(C(=O)c2snc3c(=O)n(C)c([O-])nc23)CC1,36.59172
Cc1cc(C(=O)N/N=C/c2ccc(OC(=O)/C=C\c3ccco3)cc2)[nH]n1,36.576706
O=C([O-])c1cccnc1C[NH+]1CCC[C@H]1c1ccccn1,36.563984
C=CCn1c(-c2ccco2)nn(CN2CCN(c3ccccc3)CC2)c1=S,36.553314
CO/N=C/c1ccc(C(=O)N2CCN(Cc3cc(C)on3)CC2)cc1,36.55103
CN1CC[C@H](Nc2ccc(C(=O)c3nccn3C)cc2[N+](=O)[O-])C1=O,36.54214
O=C([O-])c1cccc(/C=N/NC(=S)Nc2ccccc2)c1O,36.53695
CCN1CCN(C(=O)[C@H](C)Sc2nc3ccc(C)cc3[nH]2)CC1,36.51949
CC(C)(C)c1cnc(C[NH+]2CCCN(C(=O)c3ccc(-n4cnnn4)cc3)CC2)o1,36.514114
Cc1nc(CN2CCN(C(=O)NCCCC3CCCC3)CC2)cs1,36.50187
O=c1[nH]c(-c2cccnc2)nc2c1C[NH+](Cc1ccc(Sc3ncn[nH]3)o1)CC2,36.488323
CC[NH+]1CCN(c2ccc(/N=C\c3cc(OC)ccc3O)cc2)CC1,36.484043
C/C=C/C(=O)NCCc1ccncc1,36.478848
O=C(/C=C/c1ccc(-n2ccnc2)cc1)N1CCN(c2cc[nH+]cc2)CC1,36.4738
O=S1(=O)C=C[C@H](NC(=S)N(CCO)[C@@H]2CCS(=O)(=O)C2)C1,36.463806
Cc1cccc(C(=O)NCCn2nc(-c3cccnc3)ccc2=O)c1,36.441227
O=C(Cc1cccs1)NN/C=C1\C=CC(=O)C(O)=C1,36.437866
C=CCNC(=O)C(=O)NCC[NH+]1CCN(c2ccc(F)cc2)CC1,36.43181
Cc1c(C)c2cc(Cl)c(OCC(=O)NCc3ccccn3)cc2oc1=O,36.420464
O=c1[nH]c(NCCN2CCOCC2)nc2nccc(-c3ccc([N+](=O)[O-])cc3)c12,36.416367
Cc1ccc2ncc(C(=O)Nc3ccc(N4C[C@@H](C)O[C@H](C)C4)cc3)n2c1,36.411545
[O-]C1=NC(=S)S/C1=C\c1ccc(O)c(I)c1,36.39911
CN(Cc1n[nH]c2c1CCCC2)C(=O)C[C@@H]1C(=O)NCC[NH+]1Cc1ccoc1,36.376568
O=C(NCCn1nc(-c2cccs2)ccc1=O)c1ccc(Cl)c([N+](=O)[O-])c1,36.371952
CS[C@@H](CNC(=O)CSc1nc(C)n[nH]1)c1cccc(Cl)c1,36.36673
O=C1CCN(C(=O)NCCCCC2CCCC2)CCN1,36.341415
C=CCNC(=O)CN1CCN(C[C@H](O)c2cccs2)CC1,36.33972
CCCCOc1ccc(C(=O)N/N=C/C2=c3ccccc3=[NH+]C2)cc1,36.33554
O=C(C[C@@H]1Sc2ccccc2NC1=O)NC[C@H](c1ccco1)[NH+]1CCCCC1,36.332985
Nc1ccc(=O)n(CCC[NH+]2CCCC[C@H]2CCO)c1,36.32824
COCCNC(=O)N1CCN(Cc2nc3cc(Cl)ccc3o2)CC1,36.321415
Cc1ccc(N2CCCN(Cc3ccc(C(=O)N(C)C)[nH]3)CC2)nn1,36.314224
C[C@]12CC[C@H](O)C[C@H]1CC[C@@H]1[C@@H]2C(=O)C[C@@]2(C)[C@H]1CC[C@]2(O)C(=O)CO,36.313156
COc1cc2oc(=O)c(CC(=O)N3CCN(CCO)CC3)c(C)c2cc1Cl,36.311974
O=C(CN1CCOCC1)NN1CC(=O)N(c2ccc(Cl)cc2)CC1=O,36.286575
Cc1ccc(/N=C/c2cc(C)n(-c3ccc(C(=O)[O-])c(Cl)c3)c2C)cc1,36.285423
O=C(Nc1ccc(Oc2cccnc2)cc1)[C@@H]1CCCC[NH+]1Cc1ccc2c(c1)CCO2,36.27902
O=C(c1ccccc1)[C@H]1C(/C=C/c2ccccc2)=NO[C@]12C(=O)Nc1ccccc12,36.24267
C[C@@]12C=CC(=O)C=C1CC[C@H]1[C@@H]2[C@H](O)C[C@]2(C)/C(=C/CO)CC[C@@H]12,36.214577
Cc1ccc(CC(=O)N[C@@H]2CCN(c3cnn(C)c3)C2=O)cc1O,36.212643
CC(C)[NH+]1CC[C@H](CNc2nc(Cl)ncc2Cl)C1,36.20314
COc1ccc(-c2ccc(=O)n(C/C([O-])=N/c3nnc([C@H]4CCCO4)s3)n2)c(F)c1,36.19891
C=CCNC(=O)C[C@@H]1C(=O)NCC[NH+]1Cc1ccc(-c2ccccc2)cc1,36.19651
COc1ccc(C(=O)/C=c2\[nH]c(=O)/c(=C\c3ccc4ccccc4c3)s2)cc1,36.186657
CCn1cnnc1CNC(=O)/C=C/c1ccc([C@@H]2C[C@@H]2C)o1,36.178955
O=C([O-])c1ccc(/C=C/c2ccc3cccc(O)c3n2)cc1,36.17183
O[C@H](CN1CCOCC1)Cn1cnc2ccccc21,36.17096
Cc1cc(C(=O)CN2CCC(NC(=O)c3cnn(C)c3)CC2)c(C)[nH]1,36.158794
Cc1nc(CNC(=O)NCc2ccc(N3CC[NH+](CC4CC4)CC3)cc2)no1,36.146576
O=C(Cc1ccc2c(c1)CCO2)Nc1ccc(-n2cncn2)nc1,36.145355
Cc1csc([C@H](C)NC(=O)C2CCN(C(=O)c3cnoc3C)CC2)n1,36.138046
COCCCNC(=O)[C@H]1CCCN(c2ccc3nncn3n2)C1,36.126778
C/[NH+]=C(/NCCN1C(=O)CNC1=O)NCc1ncc(C)s1,36.12233
NC(=O)C1CC[NH+](CC[C@H]2CN(C(=O)c3ccccc3)CC[C@H]2CC(=O)[O-])CC1,36.111324
COc1ccc(C[NH+]2CC[C@@H](NC(=O)c3cccnc3)[C@H](O)C2)cc1Cl,36.097923
Nc1c(C(=O)CSc2nnc(-c3cccnc3)n2C2CC2)c(=O)[nH]c(=O)n1C1CC1,36.089195
CCCCNC(=O)[C@@H]1CC(=O)N(c2ccc(SC)cc2)C1,36.088757
Cc1ccn(CC/N=c2\c(O)c(O)c2=[N+]2CCN(C)CC2)n1,36.086746
Cc1ccc(NC(=O)[C@H]2CCCN(c3ccc(-n4ccnc4)nn3)C2)cc1,36.058037
O=C(NCC[C@H](O)c1ccco1)C(=O)Nc1cc2c3c(c1)CC(=O)N3CCC2,36.055172
Cc1ccc(C(=O)C2=C([O-])C(=O)N(CCCN3CCOCC3)[C@@H]2c2cccs2)cc1,36.051155
CC(=O)c1ccc(N2CCN(Cc3ccccc3[N+](=O)[O-])CC2)cc1,36.038086
O=S(=O)(CCO)NCc1ccccn1,36.025063
COCCNc1cc(N)c([N+](=O)[O-])cc1[N+](=O)[O-],36.02466
CCC[C@H]1C[C@@H]1NC(=O)COc1ccc(C=O)cc1Br,36.01455
Cc1nc(-c2cccc(C[NH2+][C@@H]3CCCc4c3cnn4C)c2)n[nH]1,35.986343
Cc1ccc(C(=O)O/N=C(\N)c2cccnc2)cc1,35.985924
COC(=O)C(=O)/C=C(\[O-])c1ccc(C)o1,35.969162
CC(C)=CCOc1cccc(C(=O)Nc2nccn(C)c2=O)c1,35.948006
O=Cc1ccn2c(I)cnc2c1,35.94619
Cn1c(-c2ccco2)nn(C[NH+](C)CCc2ccccc2)c1=S,35.944458
CO/N=C/c1ccc(C(=O)N[C@@H](C)c2nc(C)cs2)cc1,35.93871
CCOC(=O)C1CCN(C(=O)Cn2cnc3nc(N4CC[NH+](CC)CC4)sc3c2=O)CC1,35.927803
O=Cc1ccc(OCc2ccon2)c([N+](=O)[O-])c1,35.916
Cc1nn(C)cc1CN1CCN(C(=O)CC(F)(F)F)CC1,35.89631
COc1ccc(C[NH+]2CCNC(=O)[C@H]2CC(=O)NCc2ccoc2)c(F)c1,35.877422
c1coc(-c2nnc(CSc3cnccn3)o2)c1,35.864532
COc1cc(/C=N/N=C2\NC(=O)[C@@H](CC(=O)[O-])S2)cc(I)c1OC,35.861534
COc1ccc(/C=C(\C(=O)c2cccs2)N2C=CC=CC2=C(C#N)C#N)cc1OC,35.854263
Cc1[nH]nc2cc(Cl)nc([O-])c12,35.84938
Cc1nn(-c2ccc(Cl)cc2)c(O)c1/C=C1\C(=O)NC(=S)N[C@H]1O,35.84622
CC(=O)N1C=Cc2ccccc2[C@H]1CC(=O)Nc1ccc(N2CC[NH+](Cc3ccccc3)CC2)cc1,35.838272
C[N+](C)(C)c1ccc(/C=C/C(=O)c2ccccc2OCc2ccccc2)cc1,35.838257
Cn1ncnc1NC(=O)N[C@@H]1CCN(c2ccc(Cl)c(F)c2)C1=O,35.82111
N/C(=N\O)c1ccc(Oc2ccc(N3C(=O)[C@H]4[C@H]5C=C[C@H](C5)[C@H]4C3=O)cc2)cc1,35.813282
[NH2+]=c1cc2n(cn1)[C@@H]1O[C@H](CO)[C@@H](O)[C@@H]1O2,35.809746
Cc1cc(NC(=O)/C=C/c2ccco2)cc(C(=O)[O-])c1O,35.807404
COC(=O)c1cccc(CCNC(=O)Nc2ncnn2C)c1,35.80127
C[C@H](Sc1ccccn1)C(=O)N[C@H](CO)c1cc(F)c(F)c(F)c1,35.776726
COc1cc2c(cc1OC)[C@@H](c1cc3c(cc1[N+](=O)[O-])OCO3)C1=C(CC(C)(C)CC1=O)N2,35.77626
CN(C(=O)/C=C/c1ccccc1)[C@@H]1[C@H]2[C@@H]3CC[NH+]2C[C@H]1O3,35.7762
Cn1cnnc1S/C=C(\[O-])N1CCN(c2ccccc2)CC1,35.77288
O=C(/C=C/c1ccc(-n2ccnc2)cc1)N1CCC[C@H]1CN1CCOCC1,35.766197
Nc1nc(Cl)c2ncn([C@@H]3O[C@H](CO)[C@H](O)[C@@H]3O)c2n1,35.766006
CC1(C)N=C(O)N(C[C@@H](O)CN2CCN(c3nsc4ccccc34)CC2)C1=O,35.76585
C=C(C)COc1cc(/C=C/c2cc(C(=O)[O-])ncn2)ccc1OC,35.759163
Cc1nc([C@@H]2CCC[NH2+]C2)cc(N2CCC(C(=O)NCc3ccccn3)CC2)n1,35.749622
COc1ccc(/C=C/C(=O)N[C@H](C)C(=O)N(C)Cc2ncnn2C)cc1,35.74571
CCC[C@H](CCCc1c([O-])[nH+]c(N)[nH]c1=O)C(=O)[O-],35.744682
O=C(N/N=C/c1cccc2c1OCCO2)c1ccc(CN2CCOCC2)cc1,35.74292
CCn1c(-c2ccccc2F)nc2cc(NC(C)=O)cc(C(=O)N3CCNC(=O)CC3)c21,35.736656
Cc1cc(C(=O)N2CCN(Cc3ccc([C@@H]4C[C@@H]4C)o3)CC2)on1,35.727493
CC(=O)c1ccc(-c2ccc(/C=N/[NH+]=C3/CCCCCN3)o2)cc1,35.71514
Cn1cnnc1Sc1nc(Cl)ncc1Cl,35.691025
O=C([C@H]1CCC[NH+](C2CCN(Cc3ccncc3)CC2)C1)N1CCC(F)CC1,35.68328
Cc1noc(C)c1C[NH2+]Cc1cc[nH]c1,35.677307
COC(=O)c1ccc([C@@H]2CC(=O)NC3=C2C(=O)C[C@@H](c2cccs2)C3)cc1,35.674015
Cc1cc(NC(=O)C(=O)NCC2CCN(C(=O)/C=C/c3ccco3)CC2)c2ccccc2n1,35.673187
COC(=O)c1ccc(CNCCNC(C)=O)nc1,35.66945
O=C(CCCn1ccnn1)N1CCN(Cc2cn3cc(Cl)ccc3n2)CC1,35.662735
COC(=O)c1ccc(/N=C\c2ccc3c(c2)OCO3)cc1,35.64946
NNc1cccc(CSc2ncn[nH]2)n1,35.638412
OCC1(C[NH+]2CCN(Cc3ccon3)CC2)COC1,35.6332
C[C@H]1CN(CCCNC(=O)c2ccc(-n3cncn3)nc2)C[C@H](C)O1,35.630596
CCCCCC[C@@H]1CCC[C@@H]1[NH+]1CCc2nn(C)c(=O)cc2C1,35.62286
Cc1cc(-c2nnc(S)n2/N=C\c2c(F)cccc2Cl)n[nH]1,35.618294
Nc1[nH]ncc1CNC(=O)CCn1ccnn1,35.61485
CC[NH+]1CCC[C@@H]1CNC(=O)C1CCN(c2cn[nH]c(=O)c2)CC1,35.612564
Cc1nc(C)n(CCCNC(=O)c2ccc3nc(-c4ccccc4)cn3c2)n1,35.611774
COCc1ccc(C[NH+]2CCC[C@H](N3CCNC3=O)C2)cc1,35.60559
CCC(CC)c1cc(CN[C@H](C)c2cnc3cc(C)nn3c2C)on1,35.602886
CC[NH+]1CCC[C@H]1CNC(=O)/C=C/c1ccc([N+](=O)[O-])cc1,35.588566
Cc1ccc(-c2noc(COc3ccc(C=O)cc3[N+](=O)[O-])n2)cc1F,35.569244
COc1ccc(N2CCN(CCNC(=O)[C@H]3CC(=O)N(C4CCCC4)C3)CC2)cc1,35.56495
C[C@@H]1CCN(C(=O)NCCCn2cnc3ccccc32)C[C@@H]1O,35.55949
NC(=O)[C@@H]1CCCC[NH+]1Cc1nnc(-c2ccco2)o1,35.557495
CC(C)c1ncc(SC[C@H](O)CO)c(C(=O)[O-])n1,35.554432
CNC(=O)Nc1ccc(Oc2cccnc2)nc1,35.542946
CCCCNC(=O)[C@@H]1CCCN(c2ccc3nnnn3n2)C1,35.52318
O=C([O-])c1[nH]ncc1CN1CCC([NH+]2CCC[C@@H](C(=O)N3CCCC3)C2)CC1,35.504833
O=C1CN(/N=C\c2ncc(-c3ccc(Br)cc3)o2)C(=O)N1,35.49739
Cn1cccc1C(=O)N1CCC([NH+]2CCC[C@@H](C(=O)NCCc3ccccc3)C2)CC1,35.486153
Cc1cccc2ncnc(N3CC[C@H](C(N)=O)C3)c12,35.4859
Cn1nncc1C[NH+]1CCC(C(=O)Nc2ccc(Br)cc2)CC1,35.483456
C=CCc1c(C)[nH]c2nc(-c3ccncc3)nn2c1=O,35.472324
Cn1c(Cn2cccn2)nnc1[C@@H]1CCCN(Cc2nc3ccccc3[nH]2)C1,35.457928
Cc1cc(NC(=O)C[C@@H]2Sc3ccc(Cl)cc3NC2=O)[nH]n1,35.456806
C[C@@H](CNC(=O)/C=C/c1cn(C)c(=O)n(C)c1=O)Sc1ccccc1,35.455048
Cn1ccc(C[NH+]2CCC(CCc3ccc(O)cc3)CC2)cc1=O,35.448845
Cc1cc(C(=O)N2CCN(Cc3cc(F)c(O)c(F)c3)CC2)on1,35.44712
Cc1nc(-c2cccc(C[NH2+]Cc3cccc(C(N)=O)c3)c2)n[nH]1,35.44205
CCCCN1C(=O)CC[C@H]2CN(C(=O)c3c[nH]c(=O)[nH]3)CC[C@H]21,35.437546
COc1ccc(C=O)cc1Oc1ccc([N+](=O)[O-])c(OC(F)F)c1,35.42467
C[C@H](Cn1cccn1)[NH2+]Cc1nnc(-c2ccco2)o1,35.42283
O=C([O-])COc1c(Cl)cc(/C=C2/C(=O)NC(=O)N=C2[O-])cc1Cl,35.421844
Cc1n[nH]c(C)c1C(=O)N1CC(n2cc(C(=O)[O-])nn2)C1,35.401657
NC(=O)[C@@H]1CC[NH+](CC(=O)N2CCN(Cc3ccccc3)CC2)C1,35.391457
NC(=O)C1CCN(Cc2nc3c(F)cccc3[nH]2)CC1,35.384933
COC(=O)c1ccoc1CN1CCN(C(=O)N(C)C)CC1,35.37355
Cc1cc2nnc(C(=O)/C=C/N(C)C)c(C)n2n1,35.367603
CCc1c(C)nn(C(=O)c2cccnc2)c1O,35.36105
Cc1cc(C)cc(OC(=O)CCNC(=O)/C=C/c2ccco2)c1,35.35569
COc1ccc(/C=C/C(=O)n2cc(C)nc2C)cc1,35.331985
CCc1ncc(C[NH2+][C@H]2CCCn3c(C)nnc32)s1,35.321617
CC(/C=N\Nc1nc(=O)c(C)n[nH]1)=C\c1ccccc1,35.31775
Cn1c([O-])cc(=NC(=O)C[NH+]2CCC[C@H]2Cn2cccn2)n(C)c1=O,35.311474
Cc1cc(C)cc(C(=O)N2CCN(CCNC(=O)[C@H]3CC(=O)N(c4ccccc4)C3)CC2)c1,35.31111
Cn1cc(C(=O)CSc2nncn2CCc2ccccn2)cn1,35.305023
O=C(NCc1ccccn1)C(=O)Nc1ccc2cc[nH]c2c1,35.303673
NC(=O)C1CCN(C(=O)Cn2nc(-c3cccs3)ccc2=O)CC1,35.296406
CC(=O)c1ccc(NC(=O)CCn2cnc3c(-c4ccc(C)cc4)noc3c2=O)cc1,35.29232
COc1cc(C=O)cc(I)c1OCC(=O)Nc1ccc(F)cc1,35.288826
O=C(Nc1cccc(-c2nnco2)c1)N1CCN(Cc2ccncc2)CC1,35.284897
Nc1c(NCCCN2CCOCC2)ncnc1Nc1cc(F)ccc1F,35.262108
COC(=O)/C(=N\Nc1ccccc1N)C(C)=O,35.2537
NC(=O)C1CCN(C(=O)Cn2nc(-c3ccccc3)ccc2=O)CC1,35.248497
CNC(=O)c1ccc(C[NH2+]CCCN2C[C@@H](C)O[C@H](C)C2)cc1,35.24721
c1cc(CN2CCN(c3cnn4cnnc4c3)CC2)co1,35.230034
CCc1nc(C(=O)N[C@@H]2C=CS(=O)(=O)C2)n[nH]1,35.222443
Cc1nnc2n1CCC[C@@H]2[NH2+]Cc1ccc(-c2ccc(Cl)cc2)o1,35.218414
Cc1cc(C)cc(-n2ncc3c(=O)n(CC(=O)N4CCNC4=O)cnc32)c1,35.202187
O=C(Nc1ccc(F)c(F)c1)[C@H]1CCCN(c2ccc(-n3ccnc3)nn2)C1,35.19794
O=C(c1cccc([C@H]2CCC[NH2+]C2)c1)N1CCN(Cc2ccncc2)CC1,35.194122
NC(=O)C[NH+]1CCC[C@@H](C(=O)NCc2cc3ccc(F)cc3[nH]c2=O)C1,35.191383
Cn1ccc(-c2n[nH]c(=O)n2-c2ccc(C(=O)[O-])cc2)n1,35.186325
COc1ccc(-c2ccccc2CC2(C(=O)N3CCC[C@H](C(N)=O)C3)CCOCC2)cc1,35.173515
Cc1cc(C(=O)NCCCn2cnc3ccccc32)c(C)n1C(C)C,35.16501
CC(=O)N[C@@H]1[C@@H](Sc2ccc([N+](=O)[O-])cc2)O[C@@H](CO)[C@@H](O)[C@@H]1O,35.162987
O=C(NCCn1ncc2c(N3CC[NH+](Cc4ccccc4)CC3)ncnc21)c1cccs1,35.16246
CCNC(=O)[C@H](C)NC(=O)/C=C/c1ccc(C(F)(F)F)cc1,35.15773
CNC(=O)Nc1cccc(NC(=O)C[C@H]2CCCO2)c1,35.11297
O=C(NCCC1CCCC1)[C@@H]1CCC[NH+](C2CCN(Cc3ccncc3)CC2)C1,35.09634
N#Cc1ccnc(N2CCN(C(=O)NCCCn3cncn3)CC2)c1,35.095936
Cn1cc(CCOC(=O)/C=C/c2ccc(F)cc2[N+](=O)[O-])cn1,35.094288
C[C@@H](C(=O)NCc1ccc(N2CCNC(=O)C2)cc1)n1cncn1,35.090443
COc1cc(/C=N/NC(=O)c2cccnc2)ccc1OCC(=O)[O-],35.088844
O=c1ccc(-c2ccc3c(c2)OCO3)nn1CCC1OCCO1,35.065655
COC[C@H](C)n1c(C)cc(/C=C(C#N)\C([O-])=N\c2ncn[nH]2)c1C,35.0653
Nc1cc(CCCNC(=O)[C@H]2CC=CCC2)nn1-c1ccccc1,35.065147
Cc1ccc2c(c1)cc1c(=O)n(CC(=O)NCc3ccccn3)nc(C)n12,35.059643
CC(=O)N[C@H](C)C(=O)Nc1cccc(C[NH+]2CCC(C(N)=O)CC2)c1,35.04664
O=C(NCCN1CCOCC1)C1CCN(c2nnc3ccccn23)CC1,35.034798
COCCNC(=O)[C@H]1CCC[NH+](C2CCN(C(=O)c3ocnc3C)CC2)C1,35.031273
O=C(NCC1CC1)C(=O)NC1=C[C@H]2N=CC=C2C=C1,35.0241
Cc1n[nH]c(SCC[C@@H]2CCC[C@]2([NH2+]C(C)C)C(=O)[O-])n1,35.02283
Cc1cc(C)cc(CCNC(=O)[C@H]2CSC(=O)N2)c1,35.021446
Cn1cc(C(=O)N/N=C/c2ccccn2)ccc1=O,35.015945
CC(/C=C/c1ccco1)=N/NC(=O)c1ccc(F)cc1,35.00966
Cc1cn([C@H]2O[C@@H](CO)[C@@H](O)[C@@H](O)[C@@H]2O)c(=O)[nH]c1=O,34.973312
CCOc1c(Cl)cc(C(=O)NCc2ccc(-c3ccn[nH]3)cc2)cc1OC,34.96746
C[C@H]1CN(C(=O)NCCCn2cnc3ccccc32)C[C@@H](c2ccccc2)O1,34.963463
CCC[C@@H]1CN(C(=O)c2ccc(OCC(N)=O)cc2)CCO1,34.951447
CNC(=O)C1(NC(=O)[C@H](C)NC(=O)c2ccco2)CCCCC1,34.936142
COc1ccc(/C=N/c2ccc(Cc3ccncc3)cc2)cc1,34.918774
CC[C@H](NC(=O)/C=C/c1ccccc1[N+](=O)[O-])c1nc(C)cs1,34.914932
O=Cc1ccc(-c2ccc(C(=O)[O-])cn2)cc1,34.907722
COc1ccc(N)c(S[C@H]2CC([O-])=NC2=O)c1,34.905952
COc1coc(C(=O)N2C[C@@H]3CC[C@H](C2)[NH+](CC=C(C)C)C3)cc1=O,34.904102
COc1ccc2nc(S[C@H](C)C(=O)N3C[C@@H](C)C[C@@H](C)C3)[nH]c2c1,34.90395
COc1cc(CN2CCN(C(=O)c3cccnc3)CC2)cc(OC)c1O,34.901703
CCOCc1ccc(NC(=O)C2CCN(C(=O)c3ccoc3)CC2)cc1,34.892807
CCCCOC(=O)N[C@H]1C=CS(=O)(=O)C1,34.88372
Cc1ccc(-c2ccc(-c3ccn[nH]3)cc2)c(N)[nH+]1,34.881454
NC(=O)c1cccc(CS(=O)(=O)C[C@@H](O)Cn2cccn2)c1,34.87756
Cc1nc(C2CC[NH+](Cc3cc[nH]c3)CC2)n[nH]1,34.87554
Cn1c(=O)oc2cc(C(=O)C3=C([O-])C(=O)N(CCC[NH+](C)C)[C@H]3c3ccccn3)ccc21,34.873985
Cn1cc(C(=O)[O-])c(C(=O)Nc2[nH]ncc2-c2ccc(Cl)cc2)n1,34.867958
CN[C@@]1(C#N)CCC[C@H]1CCSc1ncn[nH]1,34.863533
Cc1nc(CNC(=O)c2cccc(CCC(C)(C)O)c2)no1,34.85575
Cc1nc(-c2ccccc2)sc1-c1ccc(=O)n(CCNC(=O)/C=C/c2ccccc2)n1,34.853584
C=CCNC(=S)NNC(=O)/C=C/c1ccco1,34.851784
Cn1cc(C(=O)NC2CC[NH+](Cc3ccc([S@](C)=O)cc3)CC2)cn1,34.841927
CN(C)C(=O)/C=C/c1ccc(N2CCCS2(=O)=O)cc1,34.838318
Cc1nc(CN2CCN(C(=O)NCCC[NH+]3CCCCC3)CC2)cs1,34.81881
O=C(COc1ccc(-n2cnnn2)cc1)Nc1ccc(I)cc1,34.81401
CC1(C)O[C@H]2[C@@H](CO)O[C@H](n3c(Br)nc4c(N)ncnc43)[C@@H]2O1,34.80563
O=C(C[C@@H]1CCCO1)OCc1ccc(-n2ccnc2)nc1,34.804436
Cc1noc(C)c1CCCNC(=O)C(=O)Nc1cc(F)c(F)c(F)c1,34.795956
O=C1CCN(C(=O)C2CC[NH+](C3CCN(c4nc5ccccc5o4)CC3)CC2)CCN1,34.795395
CCN(CCC#N)S(=O)(=O)c1ncn(C)c1Cl,34.788933
Cc1nc(C(=O)NCC2C[C@@H]3CC[C@H](C2)[NH+]3C)n[nH]1,34.784695
O=C(Nc1ccc2nccnc2c1)[C@@H]1C[C@@H](Sc2ccccn2)C[NH+]1Cc1cc(F)ccc1F,34.776917
O=C(/C=C/c1ccco1)Nc1cccc(C2[NH+]=c3ccccc3=[NH+]2)c1,34.773033
CNC(=O)C1CC[NH+](Cc2ccc(N)c(F)c2)CC1,34.768646
Cc1nc(C2CC[NH+](Cc3cccc(-c4ccncc4)c3)CC2)n[nH]1,34.76572
NC(=O)[C@H]1CC(=O)N(c2ccc(OCC(=O)Nc3ccc(F)c(Cl)c3)cc2)C1,34.759575
COC(=O)c1ccc(/N=C2\S[C@@H](CC(=O)Nc3ccc(Br)cc3)C(=O)N2C)cc1,34.75631
C[C@@H]1[C@H](NC(=O)CC2=c3ccccc3=[NH+]C2)C(=O)N(c2ccccc2)N1C,34.749187
Cc1ccc2ncc(C(=O)N3CSC[C@@H]3C(=O)NCCC(C)C)n2c1,34.74406
C/N=c1\scc(-c2cc3ccccc3o2)n1/N=C/c1cccc(O)c1O,34.74006
Nc1c(C(=O)CN2CC=C(c3ccc(O)cc3)CC2)c(=O)[nH]c(=O)n1C1CC1,34.732616
Cc1csc(CNC(=O)c2ccccc2SCc2csc(C)n2)n1,34.728134
N#CC[C@@H](SCCO)C(=O)/C=N/N1CCOC1=O,34.727203
NS(=O)(=O)c1ccc(N/N=C(\c2ccccc2)c2ccncc2)cc1,34.72589
CNC(=O)c1ccc(NC(=O)CN2CCc3sccc3[C@@H]2c2cccs2)cc1,34.725212
COc1ccc(C(=O)CCC(=O)Nc2cc[nH]n2)cc1,34.720367
Cn1ncnc1C[NH+](C)CC(=O)N1CCN(CC(=O)NC(C)(C)C)CC1,34.699844
COc1ccc(/C=C/C(=O)N[C@@H](C)[C@H](C)N2CCOCC2)c(OC)c1,34.69822
CCn1nc(C(=O)N2CCC(C(N)=O)CC2)ccc1=O,34.679955
CCCCNC(=O)C1CC[NH+](Cc2ccccn2)CC1,34.66146
COc1cccc2c1OCC[C@H]2[NH2+]CCCNC(=O)C1CCC1,34.656136
CC(=O)N[C@H]1[C@@H](Oc2ccccc2)O[C@H](CO)[C@H](O)[C@@H]1O,34.6548
O=C(C[NH+]1CCC(c2nnc(-c3ccco3)o2)CC1)c1ccc(Cl)cc1,34.653637
NC(=O)C1CCN(C(=O)C(=O)Nc2ccc(F)c(F)c2)CC1,34.6493
CC[NH+]1CCC[C@@H]1CNC(=O)N1CCN([C@@H](C)c2cccnc2)CC1,34.649273
CCCN[C@H](c1cncnc1)[C@@](C)(CC)[NH+]1CCCC1,34.639694
CC[NH+]1CCN([C@@H](C)CNC(=O)/C=C/c2c(C)nn(C)c2Cl)CC1,34.629612
Cc1noc(CN2CCN(C(=O)[C@H](C)Sc3ccccn3)CC2)n1,34.626396
CSc1ccc(CCNC(=O)[C@@H]2CCCN(c3nnc(N4CCCC4=O)s3)C2)cc1,34.620758
CCCCOC(=O)C[NH+]1CCC(C(N)=O)CC1,34.61795
O=C(NCc1ccco1)[C@H]1CCCN(c2ccc(-n3ccnc3)nn2)C1,34.615387
COc1cccc2cc(C(=O)NCCn3nc(-c4cccnc4)ccc3=O)oc12,34.597378
C=CC[NH+](Cc1cccc(C#N)c1)Cc1cccc(C(=O)NC)c1,34.588825
Cc1noc(C)c1CCC(=O)Nc1ccc(-c2cn3ccccc3n2)cc1,34.57182
Cc1noc([N-]S(=O)(=O)c2ccc(NC(=O)[C@@H]3CC(=O)N(C4CCOCC4)C3)cc2)c1C,34.567993
Cc1nc(-c2cccc(CNC(=O)[C@H](C)Sc3ccccn3)c2)n[nH]1,34.55932
O=C(C[NH+]1CCN(CC(=O)N2CCOCC2)CC1)Nc1ccc(OC(F)(F)F)cc1,34.558945
NC(=O)C1CCN(C(=O)COc2ccc(Cl)cc2C=O)CC1,34.557335
Cc1nc([C@H](C)NC(=O)c2ccc3nc(-c4ccc(F)cc4)cn3c2)n[nH]1,34.55699
COC(=O)c1ccc(NC(=O)[C@H]2CC(=O)N(C)/C(=N/c3ccc(OC)cc3)S2)cc1,34.55057
COc1cc(/C=c2\c(=O)nc3sc(=C(C)C)[nH]n-3c2=N)ccc1OCc1ccccc1Cl,34.54589
CCN(CCO)c1ncnc(N2CC[NH+](Cc3ccccc3)CC2)c1N,34.541157
C[C@@H](CN1CCOCC1)N1CCN(C(=O)c2ccc(O)cc2)CC1,34.52359
O=C(NCCN1CCN(C(=O)c2cccc(C(F)(F)F)c2)CC1)[C@H]1CC(=O)N(c2ccccc2)C1,34.522377
NC(=O)[C@@H]1C[C@H](O)CN1C(=O)OCCO,34.519558
O=C(COc1ccc(Br)cc1)NC1CCN(C(=O)c2ccoc2)CC1,34.517212
CC(=O)c1ccc(NC(=O)CSc2nnc([O-])c3cc(-c4ccco4)nn23)cc1,34.51496
CCn1cnnc1SCC(=O)Nc1ccc(CN2CCOCC2)cc1,34.510426
Cc1cc(C(=O)Cn2cnc(-c3ccc([N+](=O)[O-])cc3)n2)c(C)n1-c1nccs1,34.502716
C[C@@H](CCO)S[C@@H](C)C(=O)Nc1c(N)cc(Cl)cc1Cl,34.500084
Cc1noc(-c2cnc(NCCCN3CCOCC3)nc2-c2ccco2)c1C,34.497597
OCCCc1nc(-c2cnccn2)no1,34.493748
Cn1ncnc1NC(=O)N1CCN(c2ccc(C(N)=O)cc2)CC1,34.48558
COc1ccc(N2C[C@H](NC(=O)/C=C\c3ccc(OC)c(OC)c3)CC2=O)cc1,34.46442
Fc1cccc2c1SCC[C@H]2[NH2+]Cc1cc[nH]c1,34.461777
CCc1nncn1CCNC(=O)N1CCN(c2ccc(OC)cc2)CC1,34.461716
Cc1cccc(C[NH+]2CCC([NH+]3CCC(C(=O)NCCc4ccncc4)CC3)CC2)n1,34.460526
CCN1CC[NH+](Cc2ccncc2)C[C@@H](Cc2ccc(-c3cccnc3)cc2)C1=O,34.457783
Nc1[nH]ncc1CNC(=O)c1c(F)ccc([N+](=O)[O-])c1F,34.456604
COc1cc(C=O)ccc1OCC(=O)c1ccc(Cl)c(Cl)c1,34.456604
CN(C[C@H](O)CN1CCOCC1)C(=O)c1ccc2[nH]ccc2c1,34.445038
Cn1ncnc1NC(=O)N[C@H]1CCN(c2ccc(Cl)cc2)C1=O,34.433464
CCc1c(C)nc(SCC(=O)Nc2oncc2-c2ccc(C)cc2)[nH]c1=O,34.42994
CO/C([O-])=N/c1nnc(/C=C/c2ccc(OC)cc2)s1,34.42212
CCn1c([C@H]2CCCN(C(=O)c3cnc4ccc(C)cn34)C2)n[nH]c1=S,34.409492
C=CCNC(=O)c1ccc(NC(=O)N(C)Cc2c(C)noc2C)cc1,34.409367
NC(=O)[C@H]1CN(Cn2cnc3cc(F)c(F)cc32)CCO1,34.40895
O=C([O-])Cn1cnc2ccc(C(=O)[O-])cc21,34.39518
Nc1ccc2oc(CSCCO)nc2c1,34.393013
COCCNC(=O)[C@H]1CCC[NH+](C2CCN(Cc3cc(F)ccc3F)CC2)C1,34.386383
c1cc(CN2CCN(c3ncnc4ccsc34)CC2)cc(-c2ccncc2)c1,34.385284
NC(=O)C1CCN(C(=O)[C@@H]2C[C@@H](O)[C@H](O)[C@@H]3NC(=S)N(c4ccc(Cl)cc4)[C@H]23)CC1,34.38419
C[C@H](SC[C@@H](O)CO)c1ccc(N)cc1,34.377655
Cc1ccc(NC(=O)C[C@@H](C(=O)[O-])[NH+]2CCOCC2)cc1,34.37149
O=C(Nc1c[nH]nc1-c1ccccn1)c1cc2ccccc2cc1O,34.367344
O=C1CCCN1c1nc(C/C([O-])=N/c2ncn[nH]2)cs1,34.366436
C=CCNC(=O)CN1CCN(Cc2cccc(Cl)c2Cl)CC1,34.361336
[O-]C(/C=C/c1ccc(Cl)cc1)=N\c1ncn[nH]1,34.357407
C[C@H]1CN(C(=O)[C@@H](C)NC(N)=O)C[C@@H](c2ccccc2)O1,34.345413
CC(C)/N=c1\scc(-c2ccco2)n1/N=C/c1ccccc1O,34.34095
O=C(NCC[NH+]1CCCCC1)N1CCN(C(=O)c2ccoc2)CC1,34.332603
O=C([O-])c1ccc(NC(=O)[C@@H]2COCCO2)cc1O,34.32763
O=C([O-])Cn1nc(-c2ccco2)ccc1=O,34.31884
CN/C([O-])=C(\C#N)C(=O)c1cccc(-c2ccoc2)c1,34.318333
O=C(Nc1cnoc1)[C@@H]1CC=CCC1,34.317165
Cc1cc(NC(=O)C2CC[NH+]([C@H](C)CN3CCOCC3)CC2)no1,34.30854
C[C@@H](CNC(=O)N1CCC[C@H](CCO)C1)N1CCN(c2ccccc2)CC1,34.303623
CC(C)[C@]1(O)CC[C@@]2(C)C[C@@H]3O[C@@]3(C)C[C@H](OC(=O)c3ccc(O)cc3)[C@@H]21,34.30098
N/C(=N\OC(=O)c1c(Cl)cccc1Cl)c1cccnc1,34.292057
CC(C)C[NH+]1CCN(CC(=O)c2c(N)n(C3CC3)c(=O)[nH]c2=O)CC1,34.29144
CCCCCCOc1ccc(/C=C2\SC(=O)NC2=O)cc1,34.290012
CC(C)c1nn(C)c(Cl)c1[C@@H](O)Cc1c[nH+]ccc1N,34.286514
CCn1cc(C[NH+]2CCCN(C(=O)c3ccn(C)c(=O)c3)CC2)cn1,34.285164
Cc1nn(-c2ccccc2)c(Cl)c1/C=C/C(=O)NCCN1CCOCC1,34.280582
C#CCS/C(N)=N\N=C\c1ccc(F)cc1,34.261047
Clc1cc(-n2cnnn2)ccc1-c1nc(-c2cnccn2)no1,34.260082
O=C([O-])c1ccc(CN2CCN3C(=O)NC[C@@H]3C2)nc1,34.25621
COCc1nc2cc(NC(=O)c3csc(C)n3)ccc2o1,34.248894
CC(C)c1noc(-c2ccccc2C(=O)/N=c2\[nH]nc3ccccn23)n1,34.24857
Cc1nccc(C(=O)N2CCC[NH+](Cc3cnn(C(C)C)c3)CC2)n1,34.242832
Cc1nsc(NC(=O)c2ccc(N)cc2)c1C(=O)[O-],34.24272
CNC(=O)c1ccc(/C=C/C(=O)N2CCC[C@@H](CC(N)=O)C2)cc1,34.24219
COC(=O)c1ccc(/C=C/C(=O)NCc2ccnc(OC)c2)cc1,34.22559
O=Cc1ccc2ncnc(Cl)c2c1,34.22103
Cc1cc(CN2CCN(C(=O)C(=O)Nc3ccc4c(c3)CCO4)CC2)no1,34.21795
CS(=O)(=O)NCCNC(=O)[C@H]1CC=CCC1,34.208702
CC(C)[NH+]1CCC[C@H](Cc2ccc(N3CCC(C(N)=O)CC3)nn2)C1,34.207024
C=C1C(=O)O[C@@H]2[C@@H]1[C@@H](OC(C)=O)[C@@]1(C)[C@@H]([C@@H](O)C[C@H]1O)[C@H](C)[C@H]2O,34.193493
COc1cc(CO[C@@H]2O[C@@H](CO)[C@@H](O)[C@@H](O)[C@H]2O)cc(OC)c1O,34.188885
O=C([O-])Cn1ccc(C(=O)NCCCN2CCOCC2)n1,34.182056
CCc1nncn1CCN[C@@H](C)c1cnc2cc(C)nn2c1C,34.18081
CCCOc1ccc(C2=C[C@@H](C(=O)N/N=C/C3=c4ccccc4=[NH+]C3)NN2)cc1,34.18063
CCCn1nc(C(=O)N2CCC[C@H](C(N)=O)C2)ccc1=O,34.17607
COc1ccc(/N=c2/nc(C[NH+]3CCCCC3)nc(N)[nH]2)cc1,34.167168
COc1ccc(-c2nn(CN(C)Cc3nccs3)c(=S)n2C)cc1,34.163536
COC(=O)Cc1c(C)c2cc(Cl)c(OCC(=O)c3ccc(F)cc3)cc2oc1=O,34.163124
CCCCNC(=O)[C@H]1CCC[NH+](Cc2cnn(CC)c2)C1,34.141983
CC(=O)Cc1cccc(C(=O)[O-])c1,34.141098
CC(=O)N[C@@H]1[C@H](O)[C@@H]2OC(C)(C)OC[C@@H]2O[C@@H]1Oc1ccc(C(C)=O)cc1,34.139435
CC(=O)N[C@H]1[C@H](O)[C@@H]2OC(C)(C)OC[C@H]2O[C@@H]1Oc1ccc(C(C)=O)cc1,34.139435
CC(=O)N[C@H]1[C@H](Oc2ccc(C(C)=O)cc2)O[C@@H]2COC(C)(C)O[C@H]2[C@@H]1O,34.139435
Cc1nnc(C[NH+]2[C@H]3CC[C@@H]2CC(CC(=O)[O-])C3)n1C,34.139053
COc1cccc(/C=C2\Oc3cc(OC(=O)[C@@H]4CCCO4)cc(C)c3C2=O)c1OC,34.137783
Cc1ccc(NC(=O)COc2ccc(C=O)cc2[N+](=O)[O-])c(Cl)c1,34.127495
CCOc1cc(/C=C/C(=O)N[C@@H](C)c2c(C)noc2C)ccc1OC,34.10178
CC[C@H](N[C@@H]1CCN(c2cnn(C)c2)C1=O)c1ccc2c(c1)CCO2,34.096928
Cc1cc(O)c(C[NH+]2CCCCCC2)c2c1C(=O)/C(=C/c1ccco1)O2,34.095894
COCCOCC(=O)Nc1ccc(-n2cncn2)nc1,34.09333
Cc1n[nH]c(SCCC(=O)NCc2nc(C)sc2C)n1,34.090977
CC(=O)c1ccc(N[C@@H](C)c2nc(C)cs2)c([N+](=O)[O-])c1,34.086617
COc1ccc(C(C)=O)cc1CN1CCN(c2nccs2)CC1,34.08299
Cc1ccc(CC(=O)N2CCC(Nc3cccn[nH+]3)CC2)cn1,34.081226
CCCCNC(=O)[C@H]1CCCN(C(=O)NCc2cn(C)nc2CC)C1,34.074154
CC(C)/C(N)=N/OC(=O)c1ccc(I)cc1,34.072292
O=C(NCCc1ccco1)[C@H]1CCC[NH+](C2CCN(Cc3ccncc3)CC2)C1,34.059036
C[C@H](CO)[C@@H](C)NC(=O)Nc1ccc(-c2csnn2)cc1,34.05542
COC(=O)c1ccc(COc2ccc3c(c2)O/C(=C\c2ccc([N+](=O)[O-])cc2)C3=O)cc1,34.052505
Cc1ccc(/C=C/C(=O)N[C@H](C)c2nc(C)cs2)c(C)c1,34.050964
CC[C@@H](CCO)CNC(=O)c1c(C)n[nH]c1C,34.05092
Cc1n[nH]c(C)c1[C@H](C)CC(=O)N1CC[C@@H](C)[C@H](O)C1,34.05057
COc1ccc(OC)c(CN2CCN(C(=O)c3ccc(=O)n(C)c3)CC2)c1,34.047215
O=C(NCCc1ccc(-c2ccccc2)cc1)c1cnc2cc(-c3ccccc3)[nH]n2c1=O,34.04595
O=C(CN(CCO)c1ccccc1)NNC(=O)C1CCC1,34.03949
C[C@@H]1C[C@@H]2[C@@H]3CCC4=CC(=O)C=C[C@]4(C)[C@@]3(F)[C@H](O)C[C@]2(C)[C@@]1(O)C(=O)COP(=O)([O-])[O-],34.03573
Cc1ccc2ncc(C[NH+]3CCC(CN4C[C@H](C)O[C@@H](C)C4)CC3)n2c1,34.034893
COc1ccc(/C=N/c2ccc(N3CCOCC3)cc2)cc1[N+](=O)[O-],34.034866
CC(C)=CC[NH+]1CCC(CCC(=O)Nc2ccccc2)CC1,34.033394
C[NH+]1CCN(c2ncnc(NCCCN3CCOCC3)c2N)CC1,34.031242
CC(=O)C[C@@H]1CCCC[NH+]1CC=C(C)C,34.021782
CCOC(=O)[C@H]1CC(=O)N(c2ccc(CN3CCOCC3)cc2)C1,34.020763
C[C@@H](NC(=O)Nc1ncnn1C)[C@@H](C)N1CCOCC1,34.01386
COc1ccc([C@@H]2CC(=O)C3=C(C2)Nc2[nH]nc(O)c2[C@H]3c2ccc(OC)c(OC)c2)cc1OC,34.002335
COc1ccc(/C=C2\Oc3cc(OC(=O)C4CC4)ccc3C2=O)c(OC)c1,33.990677
CC(=O)c1c(O)cccc1O[C@H]1O[C@@H](CO)[C@@H](O)[C@@H](O)[C@H]1O,33.988617
O=C1/C(=C\c2ccc3c(c2)OCO3)Oc2c1ccc(O)c2CN1CCOCC1,33.988533
O=C(NCCn1ncc2c(N3CCCCCC3)ncnc21)c1cccnc1,33.98063
CCC[C@@H]1CN(c2ncnc3ccsc23)C[C@H]1NS(C)(=O)=O,33.967625
COc1ccc(/C=N/NC(=O)C(=O)Nc2ccc(C)cc2)cc1[N+](=O)[O-],33.956978
CCSCc1ccnc(NCc2ccc(C(=O)N(C)C)[nH]2)c1,33.95096
O=C(CCCn1nc(-c2cccs2)ccc1=O)Nc1ccc(-c2cn3c(n2)SCC3)cc1,33.950287
Cc1cccc(C(=O)Nc2c[nH]nc2-c2ccccn2)c1O,33.948456
C[C@H]1CC(C(=O)NCCN2CCOCC2)C[C@@H](C)O1,33.94045
C=CCOc1ccc([C@H]2SCC(O)=Nc3c2c(=O)[nH]n3[C@H](C)CCC)cc1,33.939117
Cn1ccc(NC(=O)/C=C/c2ccc(-n3ccnc3)cc2)n1,33.935173
O=[N+]([O-])c1c(NCc2cccnc2)ncnc1N1CCN(CCO)CC1,33.922867
CCCCC1CCC(C(=O)Oc2cccc(-n3cnnn3)c2)CC1,33.903694
Cc1ccc(CC(=O)N2CCN(Cc3ccc(C(N)=O)cc3)CC2)cn1,33.899345
C=CCOc1ccc(C[NH+]2CCC(NC(=O)c3cc(C)oc3C)CC2)cc1,33.896797
O=Cc1ccc(OCCC(=O)N2CCN(c3cc[nH+]cc3)CC2)cc1,33.894638
CC1CC[NH+]([C@H](CNC(=O)C[C@@H]2Sc3ccccc3NC2=O)c2cccs2)CC1,33.891518
CC(=O)c1ccc(NC(=O)CSc2ncnc3c2sc2nc4c(cc23)C[NH+](C)CC4)cc1,33.889618
COc1cc(/C=C2\NC(=S)NC2=O)ccc1OCc1ccccc1Cl,33.88088
Cn1cccc1C(=O)NNC(=O)c1ccc(CSc2ncn[nH]2)cc1,33.880566
C/C(=N/OC(=O)c1ccco1)c1cnccn1,33.87784
CC(C)Cc1ncc(CN2CCN(c3ncnc4ccsc34)CC2)s1,33.87757
C[C@]12CC[C@H]3[C@H](CC[C@]4(O)C[C@@H](O)CC[C@]34CO)[C@@]1(O)CC[C@@H]2C1=CC(=O)OC1,33.85796
C[C@@H](NC(=O)/C=C/c1ccncc1)c1ccc(-c2cncnc2)cc1,33.85669
COc1cc2c(cc1OC)C1=C(C#N)C[NH+](CC(=O)[O-])CN1CC2,33.855232
Cc1cc(NC(=O)Cc2cc(Cl)c3c(c2)OCCO3)[nH]n1,33.84939
NC(=S)Nc1ccc(/N=C/c2cc([N+](=O)[O-])cc(Br)c2[O-])cc1,33.847168
NC(=O)[C@@H]1CC(=O)N(c2ccc(OCc3ccccc3)cc2)C1,33.84672
O=C([O-])c1cc2c(nc1SC[C@@H](O)CO)CCC2,33.84538
Cc1ccc(NC(=O)C(=O)NCC[C@@H](O)c2ccco2)cc1F,33.84389
COc1ccc(C2=CC[NH+]([C@H](C)c3nnc(C)o3)CC2)cc1,33.841885
O=C(COc1ccccc1)/N=C1\N=C2C=CC(Cl)=CN2Cc2ccccc21,33.83821
Cc1nc(CC(=O)N2CCN(Cc3cscn3)CC2)cs1,33.83476
Cn1cc(C[NH+]2CCC[C@@H](N3CCNC3=O)C2)c(-c2cccnc2)n1,33.832424
CC1=C[C@H](C(=O)N/N=C/c2ccc(C(=O)[O-])cc2)N=N1,33.821156
CC[NH+]1CCC[C@H]1CNC(=O)[C@@H]1CCCN(c2nn3c(=O)cc(C)nc3s2)C1,33.815216
C[C@H](Oc1cccc(C=O)c1)C(=O)N1CCN(Cc2ccncc2)CC1,33.805595
O=C(NCCC(=O)N1CCOCC1)C1CCN(c2ncnc3ccccc23)CC1,33.799007
c1ccc(COc2ccc(C[NH+]3CCC(c4cc[nH]n4)CC3)cc2)nc1,33.79616
C=CCOc1c(I)cc(/C=C(/C#N)C(=O)N(C)C)cc1OCC,33.78296
CCN1CCN(C(=O)[C@H](C)Sc2nc(-c3cccnc3)n[nH]2)CC1,33.780384
CC(/C=C/c1ccc2c(c1)OCO2)=N/NC(=O)COc1ccc(C)cc1,33.779087
Cc1ccc(F)c(NC(=O)C(=O)NCC2CC[NH+](Cc3cccs3)CC2)c1,33.778004
Cc1n[nH]c(SCC(=O)Nc2ccc(C)c(F)c2)n1,33.77579
CC(=O)c1ccc(NC(=O)[C@@H](C)Nc2ccc3oc(C)nc3c2)cc1,33.76497
NC(=O)Cn1cnc2c(nnn2Cc2ccc(Cl)cc2)c1=O,33.762787
NS(=O)(=O)c1ccc(C/N=C/c2cc(Br)c(O)c(Br)c2)cc1,33.762405
N#Cc1ccc(SC[C@H](O)CO)c(N)c1,33.7619
Nc1c(NNC(=O)c2ccncc2)ncnc1N1CC[NH+](Cc2ccccc2)CC1,33.754883
C=CC[NH+](CC(=O)[O-])CC(=O)Nc1ccccc1,33.750534
Nc1nc(-c2ccccc2)nn1C(=O)c1cccnc1,33.74774
O=C(c1ccc(O)cc1)N1CCN(Cc2n[nH]c(=O)[nH]2)CC1,33.743473
CC1CCN(c2nc3c(=O)[nH]cnc3n2[C@H]2O[C@@H](CO)[C@@H](O)[C@H]2O)CC1,33.742584
CNC(=O)CN(C)C(=O)/C=C/c1c(C)nn(Cc2ccc(C)cc2)c1C,33.741737
CC(=O)Cc1c(C)n[nH]c1C,33.73536
CCc1nncn1CCNC(=O)N[C@@H](C)[C@@H](C)CO,33.733753
CC(C)(C)N1C[C@H](C(=O)NCc2ccccn2)CC1=O,33.732845
C[C@@H](NC(=O)C1CCCCC1)C(=O)N[C@H](CO)c1cc(F)c(F)c(F)c1,33.730965
Cc1n[nH]c(C)c1CCOC(=O)c1cccc2c1O[C@@H](C)C(=O)N2,33.72551
COc1ccc(/C=N/NC(=O)COc2ccc(C)cc2C)cc1I,33.72004
CO[C@H]1O[C@H](CO)[C@@H](O)[C@H](O)[C@H]1O,33.71022
Cc1cc(Br)ccc1SCC(=O)Nc1ccc2c(c1)NC(=O)[C@H](C)O2,33.706486
Cc1ccn(CC/C(N)=N\O)n1,33.701256
CC[NH+](CC)CCNC(=O)c1nn(C)c(S)nc1=S,33.70103
Cc1cccc2c(=O)n(C/C([O-])=N/c3ncn[nH]3)cnc12,33.700726
Cc1nc2ccccc2nc1S[C@@H](C)C(=O)N1CCC(C(N)=O)CC1,33.694267
O=C(Nc1ccc(CN2CCOCC2)cc1)[C@@H]1C=C(C2CC2)N=N1,33.681427
O=C1CCN(C(=O)N[C@H]2CCN(c3cccc(Cl)c3)C2=O)CCN1,33.67804
Cc1ccc(-c2ccc(=O)n(C/C(N)=N/O)n2)cc1,33.677387
CC1(C)[C@]2(C)CC[C@@]1(C(=O)N/N=C/c1ccccn1)OC2=O,33.675087
COC(=O)c1ccc(-c2ccc(/C=C3/C(=O)N=C(N)N3C)o2)cc1,33.672592
CC(C)=CC[NH+]1C[C@H]2CC[C@@H]1CN(C(=O)c1c[nH]nc1-c1ccccc1)C2,33.66545
CC1(C)CC(=O)C2=C(C1)Nc1[nH]nc(O)c1[C@@H]2c1ccnc2ccccc12,33.663177
Cn1cncc1-c1nc(=O)c(-c2ccc(Cl)cc2)c([O-])[nH]1,33.65422
CCc1nncn1CCNC(=O)N1CCC(CN2C[C@H](C)O[C@@H](C)C2)CC1,33.65057
CCc1ccc(N2C[C@@H](C(=O)NNC(=O)Cc3ccncc3)CC2=O)cc1,33.64659
Cc1nc(C)c2c(n1)O[C@@H](CN1C(=O)CCNC1=O)C2,33.644844
COc1ccccc1N1CC[NH+](CCNC(=O)/C=C/c2ccco2)CC1,33.64261
Cc1cc(CN2C[C@H]3[C@@H](C2)OC(=O)N3CCCN2CCOCC2)ccc1O,33.639893
O=C([O-])CC1C[C@@H]2CC[C@H](C1)N2C(=O)NCc1ncn[nH]1,33.63392
CCCCC(=O)N1CCC([NH+]2CCC[C@@H](C(=O)NCc3ccccn3)C2)CC1,33.617786
COc1ccc(C(=O)Cn2cnc3c(=O)[nH]c(=O)n(C)c32)c(F)c1,33.604145
C[C@@H]1CCN(C(=O)C=C2CCSCC2)C[C@@H](C)C1,33.60232
CNC(=O)/C=C(\c1ccccc1)c1cccc2[nH]nc(OC)c12,33.60131
CSc1ccc(/C=C/C(=O)OCc2cccc(C(N)=O)c2)cc1,33.58699
O=C1Nc2ccc(-c3ccc4c(c3)OCO4)cc2C(=O)N2CCN(C(=O)CO)C[C@H]12,33.58562
O=C(NNC(=O)C1CCN(c2ccc3nncn3n2)CC1)c1ccccn1,33.57584
CCC[C@H]1C[C@@H]1NC(=O)/C=C/c1ccc(-n2ccnc2)cc1,33.574215
Cn1c(C[NH+]2CCCC2)nnc1[C@@H]1CCCN(c2cccc(C(=O)[O-])[nH+]2)C1,33.57416
CC[C@H]1c2ccsc2CC[NH+]1CC(=O)N1CCN(C(=O)c2ccco2)CC1,33.570686
COc1ccc(C[NH+]2CCC(CNC(=O)c3c[nH]nc3-c3ccc(Cl)cc3)CC2)cc1,33.565826
O=C(C1CN(S(=O)(=O)C2CC2)C1)N1CCN(Cc2ccncc2)CC1,33.56302
Cc1ccc(-c2ccccc2C[C@H]2CN(C(=O)CCc3c(C)noc3C)CCNC2=O)cc1,33.545303
O=Cc1[nH]nc2cc(C(=O)[O-])ccc12,33.544525
NC(=O)[C@@H]1CCC[NH+](CCCNC(=O)C2CCOCC2)C1,33.541054
Nc1[nH]nc(-c2cccnc2)c1-c1cccc(F)c1,33.540752
Cn1cc(CCC(=O)N2CC[C@H](N3CC[NH+](C)CC3)[C@H](CCCO)C2)cn1,33.53168
CN1CCCc2cc(CNC(=O)CCOc3ccc(C=O)cc3)ccc21,33.52757
O=C1NCC[NH+](Cc2ccc(-c3ccccc3)cc2)[C@H]1CC(=O)N1CCN(CCO)CC1,33.51989
Cc1ccc(C(=O)OCC(=O)N2CCNC2=O)cc1[N+](=O)[O-],33.514023
Cc1n[nH]c([C@@H](C)NC(=O)c2cc(C[NH+]3CCC(Cc4ccccc4)CC3)on2)n1,33.513954
CC(C)[NH+]1CCCN(C(=O)CCNC(=O)/C=C/c2ccco2)CC1,33.513176
O=C(CCNC(=O)N1CCC2=c3ccccc3=[NH+][C@@H]2C1)N1CCN(Cc2ccccc2)CC1,33.503002
CSc1ccc(C(=O)/C=C/c2c(C)n[nH]c2C)cc1,33.497284
COc1cc(/C=N/Nc2ccc3ccccc3n2)ccc1OCC(=O)N1C[C@@H](C)O[C@H](C)C1,33.49636
COc1ccc(-n2cc(C(=O)[O-])c3c2[C@H](c2ccc(OCC(N)=O)cc2)CC(O)=N3)cc1,33.49198
Cc1nc(-c2ccc(OC(=O)c3ccc4nccn4c3)cc2)no1,33.49094
O=C(COc1ccc(C(=O)N2CCOCC2)cc1)Nc1ccc(I)cc1,33.479633
COCCN(CCO)C(=O)Nc1cccc(-c2ccc3c(c2)CCO3)c1,33.476406
NC(=O)CC[C@@H]1CCCN(C(=O)C(=O)Nc2ccccc2C[NH+]2CCCC2)C1,33.470478
COc1ccc(N2CCC(NC(=O)/C=C/c3ccco3)CC2)cc1,33.46797
Cc1cccc(-c2ccc(C[C@@H]3CN(C(=O)c4n[nH]c([O-])n4)CCNC3=O)cc2)c1,33.463085
C[C@@H](CCCO)NC(=O)c1ccc(-c2nnco2)cc1,33.461166
O=C(NCCCCl)[C@H]1CC(=O)N(c2ccc(Cl)cc2)C1,33.45274
CN(C)C(=O)Cc1nc(CSc2ccncc2N)cs1,33.45241
NC(=O)CCOc1ccc(NC(=O)[C@H]2CC(=O)N(c3cccc(Cl)c3)C2)cc1,33.452038
C[C@H]1CN(CCC2CC[NH+](Cc3cnnn3C)CC2)C[C@H](C)O1,33.45132
O=C(O/N=C/c1ccncc1)c1ccc2c(c1)OCCO2,33.450005
NC(=O)N/N=C/[C@H]1C(=O)NC(=S)N(c2ccccc2)C1=O,33.448353
C=CCOC(=O)COc1cc(C)c2c(c1)O/C(=C\c1ccccc1C)C2=O,33.448242
COc1cc(/C=C/c2cc(=O)c3ccccc3[nH]2)c(O)c([N+](=O)[O-])c1,33.447712
CCCCCCn1cnc2cc(C)c(C)cc21,33.441116
CC(C)[C@H](C#N)N1CCN(C(=O)CN2CCN(C(=O)c3ccoc3)CC2)CC1,33.419556
Cc1n[nH]c(C)c1CCOC(=O)Cn1cnc2c(cnn2C)c1=O,33.418198
CCc1noc(C[NH+]2CC[C@H](Cc3cccc(C(=O)[O-])c3)C2)n1,33.40474
C/C(=N\NC(N)=S)c1ccc(O)cc1O,33.401485
CCCCNC(=O)[C@H]1CCCN(c2cn[nH]c(=O)c2)C1,33.397903
CNC(=O)CC[NH2+]Cc1cnc2cnc(Br)cn12,33.39481
CN1C[C@H]2CN(Cc3ccccn3)CCN2C1=O,33.392437
CN1C(=O)CC[C@H](NCc2ccc(C(=O)[O-])cn2)C1=O,33.39063
Cc1nc(-c2cccc(C(=O)NCCCN3C(=O)CNC3=O)c2)cs1,33.38836
Cc1ccc(/C=C/C(=O)NCc2ccc(N3CCNC(=O)C3)cc2)o1,33.38744
CCCCn1ncc(C)c1NC(=O)[C@@H]1CC(C(C)C)=NO1,33.385384
COc1ccc([C@H]2C[C@@H](C)[NH+](CC(=O)N3CCC[C@H](C(N)=O)C3)C2)cc1,33.377945
COCCN1C[C@H](C(=O)NCc2cscn2)CC1=O,33.369347
O=C1/C(=C/c2ccc([N+](=O)[O-])cc2)Oc2c1ccc(O)c2CN1CCOCC1,33.366592
O=C1N=N[C@@H](SC(=O)c2ccc(Cl)cc2)C(=O)N1,33.361565
O=S(=O)(CCO)[N-]c1cnc(Br)cn1,33.360577
O=C(NC[C@@H]1CCCO1)C(=O)N/N=C/c1ccc(C(=O)[O-])cc1,33.34636
O=C(NCCC[NH2+]Cc1cccnc1)C1CCC1,33.337242
CCCSc1ccc(/C=C/C(=O)[O-])cc1,33.3369
Nc1ccc(/C=N\N=C2\NC(=O)[C@@H](CC(=O)c3ccccc3)S2)cc1,33.336628
CCOC(=O)C1CCN(C(=O)C[C@@H]2Sc3ccccc3NC2=O)CC1,33.335114
COc1ccc(C[NH+](C)C[C@H](O)CN2CCOCC2)s1,33.333374
CC[NH+]1CCN([C@H](C)CNC(=O)/C=C/c2ccc(Cl)cc2)CC1,33.320473
COCCNC(=O)CSc1nc(-c2ccco2)nc2cc(=O)[nH]n12,33.31351
CC(=O)Nc1ccc(NC(=O)COc2ccc(C=O)cc2Cl)cc1,33.312984
C[NH+](CC(=O)Nc1ccc2[nH]c(Cc3ccccc3)nc2c1)[C@@H]1CCS(=O)(=O)C1,33.31148
CC/C=C(/C)C(=O)N1CSC[C@H]1C(=O)Nc1cn(C)c(=O)cc1C,33.30628
N/C(=N\C(=O)CCn1nc2ccccn2c1=O)c1ccc(F)c(Cl)c1,33.2977
Cc1ccccc1OCC(=O)NNC(=O)/C=C/c1ccco1,33.291206
CCc1nn(C)c(CC)c1CN1CCO[C@H](C(N)=O)C1,33.287907
C[C@H]1C[C@@H]1C(=O)NCCC(=O)NCc1nc(-c2ccncc2)no1,33.28502
Nc1ccc(Br)cc1S[C@H]1CCC[C@@H]1O,33.281197
O=C1NC(=S)N(c2cccc(C(F)(F)F)c2)C(=O)C1/C=N/C1CC[NH+](Cc2ccccc2)CC1,33.26896
CCCCCCC(=O)Nc1ccc(Cl)c(C(=O)[O-])c1,33.256176
Cc1cc(C(=O)N2CCN(Cn3cnc4cc(C)c(C)cc43)CC2)c(C)o1,33.254856
COc1ccc(Cn2nnnc2[C@@H](c2cc3ccc(C)cc3[nH]c2=O)[NH+]2CCC(O)CC2)cc1,33.254074
COC(=O)c1n[nH]c(/N=C(\[O-])CCc2ccccc2)n1,33.25284
Cc1nc(-c2cnccn2)nc([O-])c1Cl,33.24469
Cn1cc(/C=C/C(=O)Nc2ccc(C(=O)[O-])c(O)c2)cn1,33.229607
O=C(NCCCc1ccncc1)[C@@H]1CC12CCN(C(=O)c1ccc(-c3ccco3)cc1)CC2,33.22724
C/C(=N/Nc1nc(SCc2ccccn2)n[nH]1)c1cccnc1,33.22544
COc1ccc(C)cc1NC(=O)C(=O)NCCCN1CCOCC1,33.217113
Cc1cccc(N2C[C@@H](C(=O)NCCCc3nnc(N)s3)CC2=O)c1,33.21425
COc1ccc(/C=C/C(=O)NNC(=O)CNC(=O)C2CCCCC2)cc1,33.214226
COc1cccc(-c2cc(-c3cccnc3)nn2CCNC(=O)c2scnc2C)c1,33.2114
O=C(N/N=C/c1ccco1)C1CC[NH+](Cc2ccc(Cl)cc2)CC1,33.211124
CN(Cc1nc2ccccc2o1)C(=O)[C@H]1CCC(=O)N(CCN2CCOCC2)C1,33.210876
CCOCCNC(=O)N1CCN(Cc2csc(C)n2)CC1,33.210445
